AÃ±o,Fecha ,Ingresos_UCI_diarios,Fallecidos_diarios,Hay_vacuna,Hay_Confinamiento,Fecha_num,Fecha_r
2020,1 de enero de 2020 ,0,0,0,0,20200101,2020-01-01
2020,2 de enero de 2020,1,0,0,0,20200102,2020-01-02
2020,3 de enero de 2020,1,0,0,0,20200103,2020-01-03
2020,4 de enero de 2020,0,0,0,0,20200104,2020-01-04
2020,5 de enero de 2020,0,0,0,0,20200105,2020-01-05
2020,6 de enero de 2020,0,0,0,0,20200106,2020-01-06
2020,7 de enero de 2020,1,0,0,0,20200107,2020-01-07
2020,8 de enero de 2020,0,0,0,0,20200108,2020-01-08
2020,9 de enero de 2020,0,0,0,0,20200109,2020-01-09
2020,10 de enero de 2020,0,0,0,0,20200110,2020-01-10
2020,11 de enero de 2020,1,0,0,0,20200111,2020-01-11
2020,12 de enero de 2020,0,0,0,0,20200112,2020-01-12
2020,13 de enero de 2020,0,0,0,0,20200113,2020-01-13
2020,14 de enero de 2020,1,0,0,0,20200114,2020-01-14
2020,15 de enero de 2020,1,0,0,0,20200115,2020-01-15
2020,16 de enero de 2020,0,0,0,0,20200116,2020-01-16
2020,17 de enero de 2020,0,0,0,0,20200117,2020-01-17
2020,18 de enero de 2020,0,0,0,0,20200118,2020-01-18
2020,19 de enero de 2020,1,0,0,0,20200119,2020-01-19
2020,20 de enero de 2020,0,0,0,0,20200120,2020-01-20
2020,21 de enero de 2020,1,0,0,0,20200121,2020-01-21
2020,22 de enero de 2020,0,0,0,0,20200122,2020-01-22
2020,23 de enero de 2020,0,0,0,0,20200123,2020-01-23
2020,24 de enero de 2020,1,0,0,0,20200124,2020-01-24
2020,25 de enero de 2020,0,0,0,0,20200125,2020-01-25
2020,26 de enero de 2020,0,0,0,0,20200126,2020-01-26
2020,27 de enero de 2020,0,0,0,0,20200127,2020-01-27
2020,28 de enero de 2020,0,0,0,0,20200128,2020-01-28
2020,29 de enero de 2020,0,0,0,0,20200129,2020-01-29
2020,30 de enero de 2020,0,0,0,0,20200130,2020-01-30
2020,31 de enero de 2020,0,0,0,0,20200131,2020-01-31
2020,1 de febrero de 2020,1,0,0,0,20200201,2020-02-01
2020,2 de febrero de 2020,0,0,0,0,20200202,2020-02-02
2020,3 de febrero de 2020,0,0,0,0,20200203,2020-02-03
2020,4 de febrero de 2020,0,0,0,0,20200204,2020-02-04
2020,5 de febrero de 2020,1,0,0,0,20200205,2020-02-05
2020,6 de febrero de 2020,1,0,0,0,20200206,2020-02-06
2020,7 de febrero de 2020,3,0,0,0,20200207,2020-02-07
2020,8 de febrero de 2020,0,0,0,0,20200208,2020-02-08
2020,9 de febrero de 2020,0,0,0,0,20200209,2020-02-09
2020,10 de febrero de 2020,2,0,0,0,20200210,2020-02-10
2020,11 de febrero de 2020,2,0,0,0,20200211,2020-02-11
2020,12 de febrero de 2020,0,0,0,0,20200212,2020-02-12
2020,13 de febrero de 2020,1,1,0,0,20200213,2020-02-13
2020,14 de febrero de 2020,0,0,0,0,20200214,2020-02-14
2020,15 de febrero de 2020,3,0,0,0,20200215,2020-02-15
2020,16 de febrero de 2020,1,0,0,0,20200216,2020-02-16
2020,17 de febrero de 2020,3,0,0,0,20200217,2020-02-17
2020,18 de febrero de 2020,1,0,0,0,20200218,2020-02-18
2020,19 de febrero de 2020,3,0,0,0,20200219,2020-02-19
2020,20 de febrero de 2020,1,0,0,0,20200220,2020-02-20
2020,21 de febrero de 2020,2,0,0,0,20200221,2020-02-21
2020,22 de febrero de 2020,3,0,0,0,20200222,2020-02-22
2020,23 de febrero de 2020,6,0,0,0,20200223,2020-02-23
2020,24 de febrero de 2020,5,0,0,0,20200224,2020-02-24
2020,25 de febrero de 2020,7,0,0,0,20200225,2020-02-25
2020,26 de febrero de 2020,4,0,0,0,20200226,2020-02-26
2020,27 de febrero de 2020,4,0,0,0,20200227,2020-02-27
2020,28 de febrero de 2020,8,0,0,0,20200228,2020-02-28
2020,29 de febrero de 2020,4,0,0,0,20200229,2020-02-29
2020,1 de marzo de 2020,6,0,0,0,20200301,2020-03-01
2020,2 de marzo de 2020,10,0,0,0,20200302,2020-03-02
2020,3 de marzo de 2020,17,1,0,0,20200303,2020-03-03
2020,4 de marzo de 2020,15,2,0,0,20200304,2020-03-04
2020,5 de marzo de 2020,25,1,0,0,20200305,2020-03-05
2020,6 de marzo de 2020,28,3,0,0,20200306,2020-03-06
2020,7 de marzo de 2020,24,3,0,0,20200307,2020-03-07
2020,8 de marzo de 2020,34,14,0,0,20200308,2020-03-08
2020,9 de marzo de 2020,47,17,0,0,20200309,2020-03-09
2020,10 de marzo de 2020,69,28,0,0,20200310,2020-03-10
2020,11 de marzo de 2020,85,35,0,0,20200311,2020-03-11
2020,12 de marzo de 2020,106,59,0,0,20200312,2020-03-12
2020,13 de marzo de 2020,147,79,0,0,20200313,2020-03-13
2020,14 de marzo de 2020,128,108,0,0,20200314,2020-03-14
2020,15 de marzo de 2020,167,131,0,1,20200315,2020-03-15
2020,16 de marzo de 2020,217,183,0,1,20200316,2020-03-16
2020,17 de marzo de 2020,250,191,0,1,20200317,2020-03-17
2020,18 de marzo de 2020,310,246,0,1,20200318,2020-03-18
2020,19 de marzo de 2020,336,322,0,1,20200319,2020-03-19
2020,20 de marzo de 2020,333,433,0,1,20200320,2020-03-20
2020,21 de marzo de 2020,340,506,0,1,20200321,2020-03-21
2020,22 de marzo de 2020,380,551,0,1,20200322,2020-03-22
2020,23 de marzo de 2020,448,686,0,1,20200323,2020-03-23
2020,24 de marzo de 2020,511,723,0,1,20200324,2020-03-24
2020,25 de marzo de 2020,465,824,0,1,20200325,2020-03-25
2020,26 de marzo de 2020,436,871,0,1,20200326,2020-03-26
2020,27 de marzo de 2020,373,909,0,1,20200327,2020-03-27
2020,28 de marzo de 2020,334,839,0,1,20200328,2020-03-28
2020,29 de marzo de 2020,278,811,0,1,20200329,2020-03-29
2020,30 de marzo de 2020,335,913,0,1,20200330,2020-03-30
2020,31 de marzo de 2020,300,899,0,1,20200331,2020-03-31
2020,1 de abril de 2020,268,895,0,1,20200401,2020-04-01
2020,2 de abril de 2020,215,858,0,1,20200402,2020-04-02
2020,3 de abril de 2020,200,786,0,1,20200403,2020-04-03
2020,4 de abril de 2020,161,740,0,1,20200404,2020-04-04
2020,5 de abril de 2020,151,750,0,1,20200405,2020-04-05
2020,6 de abril de 2020,150,766,0,1,20200406,2020-04-06
2020,7 de abril de 2020,121,736,0,1,20200407,2020-04-07
2020,8 de abril de 2020,134,749,0,1,20200408,2020-04-08
2020,9 de abril de 2020,90,667,0,1,20200409,2020-04-09
2020,10 de abril de 2020,88,676,0,1,20200410,2020-04-10
2020,11 de abril de 2020,68,628,0,1,20200411,2020-04-11
2020,12 de abril de 2020,82,544,0,1,20200412,2020-04-12
2020,13 de abril de 2020,88,587,0,1,20200413,2020-04-13
2020,14 de abril de 2020,69,607,0,1,20200414,2020-04-14
2020,15 de abril de 2020,74,552,0,1,20200415,2020-04-15
2020,16 de abril de 2020,53,487,0,1,20200416,2020-04-16
2020,17 de abril de 2020,61,507,0,1,20200417,2020-04-17
2020,18 de abril de 2020,37,435,0,1,20200418,2020-04-18
2020,19 de abril de 2020,36,401,0,1,20200419,2020-04-19
2020,20 de abril de 2020,44,387,0,1,20200420,2020-04-20
2020,21 de abril de 2020,42,427,0,1,20200421,2020-04-21
2020,22 de abril de 2020,36,344,0,1,20200422,2020-04-22
2020,23 de abril de 2020,44,331,0,1,20200423,2020-04-23
2020,24 de abril de 2020,33,330,0,1,20200424,2020-04-24
2020,25 de abril de 2020,26,295,0,1,20200425,2020-04-25
2020,26 de abril de 2020,22,272,0,1,20200426,2020-04-26
2020,27 de abril de 2020,30,258,0,1,20200427,2020-04-27
2020,28 de abril de 2020,34,259,0,1,20200428,2020-04-28
2020,29 de abril de 2020,24,236,0,1,20200429,2020-04-29
2020,30 de abril de 2020,23,223,0,1,20200430,2020-04-30
2020,1 de mayo de 2020,20,176,0,1,20200501,2020-05-01
2020,2 de mayo de 2020,11,202,0,1,20200502,2020-05-02
2020,3 de mayo de 2020,13,197,0,1,20200503,2020-05-03
2020,4 de mayo de 2020,17,186,0,1,20200504,2020-05-04
2020,5 de mayo de 2020,16,183,0,1,20200505,2020-05-05
2020,6 de mayo de 2020,21,153,0,1,20200506,2020-05-06
2020,7 de mayo de 2020,21,166,0,1,20200507,2020-05-07
2020,8 de mayo de 2020,20,146,0,1,20200508,2020-05-08
2020,9 de mayo de 2020,6,125,0,1,20200509,2020-05-09
2020,10 de mayo de 2020,14,110,0,1,20200510,2020-05-10
2020,11 de mayo de 2020,6,122,0,1,20200511,2020-05-11
2020,12 de mayo de 2020,5,114,0,1,20200512,2020-05-12
2020,13 de mayo de 2020,12,87,0,1,20200513,2020-05-13
2020,14 de mayo de 2020,6,86,0,1,20200514,2020-05-14
2020,15 de mayo de 2020,7,77,0,1,20200515,2020-05-15
2020,16 de mayo de 2020,4,63,0,1,20200516,2020-05-16
2020,17 de mayo de 2020,8,61,0,1,20200517,2020-05-17
2020,18 de mayo de 2020,14,72,0,1,20200518,2020-05-18
2020,19 de mayo de 2020,7,70,0,1,20200519,2020-05-19
2020,20 de mayo de 2020,5,57,0,1,20200520,2020-05-20
2020,21 de mayo de 2020,10,69,0,1,20200521,2020-05-21
2020,22 de mayo de 2020,7,71,0,1,20200522,2020-05-22
2020,23 de mayo de 2020,4,60,0,1,20200523,2020-05-23
2020,24 de mayo de 2020,2,55,0,1,20200524,2020-05-24
2020,25 de mayo de 2020,7,68,0,1,20200525,2020-05-25
2020,26 de mayo de 2020,4,54,0,1,20200526,2020-05-26
2020,27 de mayo de 2020,5,46,0,1,20200527,2020-05-27
2020,28 de mayo de 2020,3,43,0,1,20200528,2020-05-28
2020,29 de mayo de 2020,7,45,0,1,20200529,2020-05-29
2020,30 de mayo de 2020,5,43,0,1,20200530,2020-05-30
2020,31 de mayo de 2020,7,40,0,1,20200531,2020-05-31
2020,1 de junio de 2020,1,34,0,1,20200601,2020-06-01
2020,2 de junio de 2020,3,47,0,1,20200602,2020-06-02
2020,3 de junio de 2020,9,39,0,1,20200603,2020-06-03
2020,4 de junio de 2020,5,48,0,1,20200604,2020-06-04
2020,5 de junio de 2020,6,24,0,1,20200605,2020-06-05
2020,6 de junio de 2020,3,29,0,1,20200606,2020-06-06
2020,7 de junio de 2020,5,21,0,1,20200607,2020-06-07
2020,8 de junio de 2020,2,30,0,1,20200608,2020-06-08
2020,9 de junio de 2020,1,15,0,1,20200609,2020-06-09
2020,10 de junio de 2020,7,31,0,1,20200610,2020-06-10
2020,11 de junio de 2020,6,25,0,1,20200611,2020-06-11
2020,12 de junio de 2020,5,20,0,1,20200612,2020-06-12
2020,13 de junio de 2020,2,23,0,1,20200613,2020-06-13
2020,14 de junio de 2020,1,20,0,1,20200614,2020-06-14
2020,15 de junio de 2020,4,20,0,1,20200615,2020-06-15
2020,16 de junio de 2020,4,11,0,1,20200616,2020-06-16
2020,17 de junio de 2020,4,26,0,1,20200617,2020-06-17
2020,18 de junio de 2020,3,12,0,1,20200618,2020-06-18
2020,19 de junio de 2020,1,17,0,1,20200619,2020-06-19
2020,20 de junio de 2020,4,14,0,1,20200620,2020-06-20
2020,21 de junio de 2020,2,15,0,1,20200621,2020-06-21
2020,22 de junio de 2020,7,7,0,0,20200622,2020-06-22
2020,23 de junio de 2020,4,8,0,0,20200623,2020-06-23
2020,24 de junio de 2020,6,12,0,0,20200624,2020-06-24
2020,25 de junio de 2020,7,12,0,0,20200625,2020-06-25
2020,26 de junio de 2020,3,9,0,0,20200626,2020-06-26
2020,27 de junio de 2020,3,2,0,0,20200627,2020-06-27
2020,28 de junio de 2020,0,12,0,0,20200628,2020-06-28
2020,29 de junio de 2020,5,11,0,0,20200629,2020-06-29
2020,30 de junio de 2020,4,11,0,0,20200630,2020-06-30
2020,1 de julio de 2020,1,10,0,0,20200701,2020-07-01
2020,2 de julio de 2020,2,1,0,0,20200702,2020-07-02
2020,3 de julio de 2020,3,5,0,0,20200703,2020-07-03
2020,4 de julio de 2020,3,7,0,0,20200704,2020-07-04
2020,5 de julio de 2020,3,2,0,0,20200705,2020-07-05
2020,6 de julio de 2020,3,3,0,0,20200706,2020-07-06
2020,7 de julio de 2020,4,6,0,0,20200707,2020-07-07
2020,8 de julio de 2020,3,5,0,0,20200708,2020-07-08
2020,9 de julio de 2020,3,1,0,0,20200709,2020-07-09
2020,10 de julio de 2020,5,5,0,0,20200710,2020-07-10
2020,11 de julio de 2020,4,7,0,0,20200711,2020-07-11
2020,12 de julio de 2020,4,2,0,0,20200712,2020-07-12
2020,13 de julio de 2020,6,2,0,0,20200713,2020-07-13
2020,14 de julio de 2020,5,4,0,0,20200714,2020-07-14
2020,15 de julio de 2020,2,5,0,0,20200715,2020-07-15
2020,16 de julio de 2020,3,2,0,0,20200716,2020-07-16
2020,17 de julio de 2020,7,3,0,0,20200717,2020-07-17
2020,18 de julio de 2020,3,3,0,0,20200718,2020-07-18
2020,19 de julio de 2020,3,6,0,0,20200719,2020-07-19
2020,20 de julio de 2020,8,8,0,0,20200720,2020-07-20
2020,21 de julio de 2020,4,8,0,0,20200721,2020-07-21
2020,22 de julio de 2020,10,4,0,0,20200722,2020-07-22
2020,23 de julio de 2020,4,4,0,0,20200723,2020-07-23
2020,24 de julio de 2020,6,8,0,0,20200724,2020-07-24
2020,25 de julio de 2020,3,11,0,0,20200725,2020-07-25
2020,26 de julio de 2020,10,7,0,0,20200726,2020-07-26
2020,27 de julio de 2020,16,10,0,0,20200727,2020-07-27
2020,28 de julio de 2020,11,13,0,0,20200728,2020-07-28
2020,29 de julio de 2020,11,11,0,0,20200729,2020-07-29
2020,30 de julio de 2020,10,11,0,0,20200730,2020-07-30
2020,31 de julio de 2020,13,17,0,0,20200731,2020-07-31
2020,1 de agosto de 2020,14,13,0,0,20200801,2020-08-01
2020,2 de agosto de 2020,18,14,0,0,20200802,2020-08-02
2020,3 de agosto de 2020,16,12,0,0,20200803,2020-08-03
2020,4 de agosto de 2020,14,20,0,0,20200804,2020-08-04
2020,5 de agosto de 2020,22,13,0,0,20200805,2020-08-05
2020,6 de agosto de 2020,24,31,0,0,20200806,2020-08-06
2020,7 de agosto de 2020,27,23,0,0,20200807,2020-08-07
2020,8 de agosto de 2020,17,35,0,0,20200808,2020-08-08
2020,9 de agosto de 2020,20,19,0,0,20200809,2020-08-09
2020,10 de agosto de 2020,20,32,0,0,20200810,2020-08-10
2020,11 de agosto de 2020,24,31,0,0,20200811,2020-08-11
2020,12 de agosto de 2020,31,32,0,0,20200812,2020-08-12
2020,13 de agosto de 2020,34,26,0,0,20200813,2020-08-13
2020,14 de agosto de 2020,38,37,0,0,20200814,2020-08-14
2020,15 de agosto de 2020,30,28,0,0,20200815,2020-08-15
2020,16 de agosto de 2020,29,23,0,0,20200816,2020-08-16
2020,17 de agosto de 2020,36,32,0,0,20200817,2020-08-17
2020,18 de agosto de 2020,50,45,0,0,20200818,2020-08-18
2020,19 de agosto de 2020,43,47,0,0,20200819,2020-08-19
2020,20 de agosto de 2020,43,42,0,0,20200820,2020-08-20
2020,21 de agosto de 2020,47,44,0,0,20200821,2020-08-21
2020,22 de agosto de 2020,35,46,0,0,20200822,2020-08-22
2020,23 de agosto de 2020,48,55,0,0,20200823,2020-08-23
2020,24 de agosto de 2020,63,58,0,0,20200824,2020-08-24
2020,25 de agosto de 2020,60,45,0,0,20200825,2020-08-25
2020,26 de agosto de 2020,47,53,0,0,20200826,2020-08-26
2020,27 de agosto de 2020,59,51,0,0,20200827,2020-08-27
2020,28 de agosto de 2020,67,77,0,0,20200828,2020-08-28
2020,29 de agosto de 2020,60,53,0,0,20200829,2020-08-29
2020,30 de agosto de 2020,48,58,0,0,20200830,2020-08-30
2020,31 de agosto de 2020,63,67,0,0,20200831,2020-08-31
2020,1 de septiembre de 2020,66,68,0,0,20200901,2020-09-01
2020,2 de septiembre de 2020,69,79,0,0,20200902,2020-09-02
2020,3 de septiembre de 2020,81,82,0,0,20200903,2020-09-03
2020,4 de septiembre de 2020,72,85,0,0,20200904,2020-09-04
2020,5 de septiembre de 2020,49,70,0,0,20200905,2020-09-05
2020,6 de septiembre de 2020,65,64,0,0,20200906,2020-09-06
2020,7 de septiembre de 2020,71,82,0,0,20200907,2020-09-07
2020,8 de septiembre de 2020,71,86,0,0,20200908,2020-09-08
2020,9 de septiembre de 2020,62,107,0,0,20200909,2020-09-09
2020,10 de septiembre de 2020,58,95,0,0,20200910,2020-09-10
2020,11 de septiembre de 2020,80,101,0,0,20200911,2020-09-11
2020,12 de septiembre de 2020,61,107,0,0,20200912,2020-09-12
2020,13 de septiembre de 2020,58,106,0,0,20200913,2020-09-13
2020,14 de septiembre de 2020,79,116,0,0,20200914,2020-09-14
2020,15 de septiembre de 2020,82,138,0,0,20200915,2020-09-15
2020,16 de septiembre de 2020,80,109,0,0,20200916,2020-09-16
2020,17 de septiembre de 2020,77,126,0,0,20200917,2020-09-17
2020,18 de septiembre de 2020,94,117,0,0,20200918,2020-09-18
2020,19 de septiembre de 2020,71,126,0,0,20200919,2020-09-19
2020,20 de septiembre de 2020,77,108,0,0,20200920,2020-09-20
2020,21 de septiembre de 2020,80,127,0,0,20200921,2020-09-21
2020,22 de septiembre de 2020,90,130,0,0,20200922,2020-09-22
2020,23 de septiembre de 2020,75,117,0,0,20200923,2020-09-23
2020,24 de septiembre de 2020,64,137,0,0,20200924,2020-09-24
2020,25 de septiembre de 2020,85,136,0,0,20200925,2020-09-25
2020,26 de septiembre de 2020,52,118,0,0,20200926,2020-09-26
2020,27 de septiembre de 2020,66,125,0,0,20200927,2020-09-27
2020,28 de septiembre de 2020,92,145,0,0,20200928,2020-09-28
2020,29 de septiembre de 2020,72,151,0,0,20200929,2020-09-29
2020,30 de septiembre de 2020,72,158,0,0,20200930,2020-09-30
2020,1 de octubre de 2020,70,144,0,0,20201001,2020-10-01
2020,2 de octubre de 2020,70,136,0,0,20201002,2020-10-02
2020,3 de octubre de 2020,65,111,0,0,20201003,2020-10-03
2020,4 de octubre de 2020,50,101,0,0,20201004,2020-10-04
2020,5 de octubre de 2020,69,135,0,0,20201005,2020-10-05
2020,6 de octubre de 2020,88,134,0,0,20201006,2020-10-06
2020,7 de octubre de 2020,66,137,0,0,20201007,2020-10-07
2020,8 de octubre de 2020,87,136,0,0,20201008,2020-10-08
2020,9 de octubre de 2020,60,153,0,0,20201009,2020-10-09
2020,10 de octubre de 2020,56,142,0,0,20201010,2020-10-10
2020,11 de octubre de 2020,62,116,0,0,20201011,2020-10-11
2020,12 de octubre de 2020,65,130,0,0,20201012,2020-10-12
2020,13 de octubre de 2020,86,153,0,0,20201013,2020-10-13
2020,14 de octubre de 2020,98,145,0,0,20201014,2020-10-14
2020,15 de octubre de 2020,87,156,0,0,20201015,2020-10-15
2020,16 de octubre de 2020,88,169,0,0,20201016,2020-10-16
2020,17 de octubre de 2020,112,147,0,0,20201017,2020-10-17
2020,18 de octubre de 2020,81,154,0,0,20201018,2020-10-18
2020,19 de octubre de 2020,130,181,0,0,20201019,2020-10-19
2020,20 de octubre de 2020,94,190,0,0,20201020,2020-10-20
2020,21 de octubre de 2020,106,180,0,0,20201021,2020-10-21
2020,22 de octubre de 2020,105,213,0,0,20201022,2020-10-22
2020,23 de octubre de 2020,115,224,0,0,20201023,2020-10-23
2020,24 de octubre de 2020,98,195,0,0,20201024,2020-10-24
2020,25 de octubre de 2020,97,204,0,0,20201025,2020-10-25
2020,26 de octubre de 2020,125,228,0,0,20201026,2020-10-26
2020,27 de octubre de 2020,117,247,0,0,20201027,2020-10-27
2020,28 de octubre de 2020,141,251,0,0,20201028,2020-10-28
2020,29 de octubre de 2020,145,259,0,0,20201029,2020-10-29
2020,30 de octubre de 2020,147,275,0,0,20201030,2020-10-30
2020,31 de octubre de 2020,118,271,0,0,20201031,2020-10-31
2020,1 de noviembre de 2020,122,271,0,0,20201101,2020-11-01
2020,2 de noviembre de 2020,137,309,0,0,20201102,2020-11-02
2020,3 de noviembre de 2020,136,328,0,0,20201103,2020-11-03
2020,4 de noviembre de 2020,135,360,0,0,20201104,2020-11-04
2020,5 de noviembre de 2020,158,333,0,0,20201105,2020-11-05
2020,6 de noviembre de 2020,143,358,0,0,20201106,2020-11-06
2020,7 de noviembre de 2020,131,291,0,0,20201107,2020-11-07
2020,8 de noviembre de 2020,138,325,0,0,20201108,2020-11-08
2020,9 de noviembre de 2020,151,327,0,0,20201109,2020-11-09
2020,10 de noviembre de 2020,163,350,0,0,20201110,2020-11-10
2020,11 de noviembre de 2020,140,363,0,0,20201111,2020-11-11
2020,12 de noviembre de 2020,129,364,0,0,20201112,2020-11-12
2020,13 de noviembre de 2020,150,360,0,0,20201113,2020-11-13
2020,14 de noviembre de 2020,117,305,0,0,20201114,2020-11-14
2020,15 de noviembre de 2020,116,288,0,0,20201115,2020-11-15
2020,16 de noviembre de 2020,119,326,0,0,20201116,2020-11-16
2020,17 de noviembre de 2020,118,379,0,0,20201117,2020-11-17
2020,18 de noviembre de 2020,102,296,0,0,20201118,2020-11-18
2020,19 de noviembre de 2020,119,315,0,0,20201119,2020-11-19
2020,20 de noviembre de 2020,101,327,0,0,20201120,2020-11-20
2020,21 de noviembre de 2020,86,286,0,0,20201121,2020-11-21
2020,22 de noviembre de 2020,76,261,0,0,20201122,2020-11-22
2020,23 de noviembre de 2020,111,321,0,0,20201123,2020-11-23
2020,24 de noviembre de 2020,98,255,0,0,20201124,2020-11-24
2020,25 de noviembre de 2020,110,295,0,0,20201125,2020-11-25
2020,26 de noviembre de 2020,105,296,0,0,20201126,2020-11-26
2020,27 de noviembre de 2020,71,270,0,0,20201127,2020-11-27
2020,28 de noviembre de 2020,62,221,0,0,20201128,2020-11-28
2020,29 de noviembre de 2020,83,222,0,0,20201129,2020-11-29
2020,30 de noviembre de 2020,83,231,0,0,20201130,2020-11-30
2020,1 de diciembre de 2020,63,233,0,0,20201201,2020-12-01
2020,2 de diciembre de 2020,72,223,0,0,20201202,2020-12-02
2020,3 de diciembre de 2020,58,240,0,0,20201203,2020-12-03
2020,4 de diciembre de 2020,65,230,0,0,20201204,2020-12-04
2020,5 de diciembre de 2020,41,199,0,0,20201205,2020-12-05
2020,6 de diciembre de 2020,56,174,0,0,20201206,2020-12-06
2020,7 de diciembre de 2020,64,204,0,0,20201207,2020-12-07
2020,8 de diciembre de 2020,62,182,0,0,20201208,2020-12-08
2020,9 de diciembre de 2020,75,223,0,0,20201209,2020-12-09
2020,10 de diciembre de 2020,70,189,0,0,20201210,2020-12-10
2020,11 de diciembre de 2020,60,217,0,0,20201211,2020-12-11
2020,12 de diciembre de 2020,69,186,0,0,20201212,2020-12-12
2020,13 de diciembre de 2020,46,165,0,0,20201213,2020-12-13
2020,14 de diciembre de 2020,73,168,0,0,20201214,2020-12-14
2020,15 de diciembre de 2020,55,189,0,0,20201215,2020-12-15
2020,16 de diciembre de 2020,71,150,0,0,20201216,2020-12-16
2020,17 de diciembre de 2020,65,176,0,0,20201217,2020-12-17
2020,18 de diciembre de 2020,64,177,0,0,20201218,2020-12-18
2020,19 de diciembre de 2020,58,143,0,0,20201219,2020-12-19
2020,20 de diciembre de 2020,46,157,0,0,20201220,2020-12-20
2020,21 de diciembre de 2020,63,151,0,0,20201221,2020-12-21
2020,22 de diciembre de 2020,78,182,0,0,20201222,2020-12-22
2020,23 de diciembre de 2020,81,194,0,0,20201223,2020-12-23
2020,24 de diciembre de 2020,62,159,0,0,20201224,2020-12-24
2020,25 de diciembre de 2020,69,145,0,0,20201225,2020-12-25
2020,26 de diciembre de 2020,82,177,0,0,20201226,2020-12-26
2020,27 de diciembre de 2020,87,170,0,0,20201227,2020-12-27
2020,28 de diciembre de 2020,82,195,0,0,20201228,2020-12-28
2020,29 de diciembre de 2020,94,166,0,0,20201229,2020-12-29
2020,30 de diciembre de 2020,78,206,0,0,20201230,2020-12-30
2020,31 de diciembre de 2020,84,193,0,0,20201231,2020-12-31
2021,1 de enero de 2021,81,174,1,0,20210101,2021-01-01
2021,2 de enero de 2021,86,185,1,0,20210102,2021-01-02
2021,3 de enero de 2021,84,179,1,0,20210103,2021-01-03
2021,4 de enero de 2021,115,189,1,0,20210104,2021-01-04
2021,5 de enero de 2021,117,241,1,0,20210105,2021-01-05
2021,6 de enero de 2021,106,180,1,0,20210106,2021-01-06
2021,7 de enero de 2021,133,241,1,0,20210107,2021-01-07
2021,8 de enero de 2021,139,245,1,0,20210108,2021-01-08
2021,9 de enero de 2021,120,230,1,0,20210109,2021-01-09
2021,10 de enero de 2021,139,246,1,0,20210110,2021-01-10
2021,11 de enero de 2021,170,287,1,0,20210111,2021-01-11
2021,12 de enero de 2021,192,291,1,0,20210112,2021-01-12
2021,13 de enero de 2021,192,291,1,0,20210113,2021-01-13
2021,14 de enero de 2021,203,320,1,0,20210114,2021-01-14
2021,15 de enero de 2021,205,398,1,0,20210115,2021-01-15
2021,16 de enero de 2021,192,364,1,0,20210116,2021-01-16
2021,17 de enero de 2021,178,369,1,0,20210117,2021-01-17
2021,18 de enero de 2021,263,413,1,0,20210118,2021-01-18
2021,19 de enero de 2021,246,489,1,0,20210119,2021-01-19
2021,20 de enero de 2021,260,462,1,0,20210120,2021-01-20
2021,21 de enero de 2021,268,495,1,0,20210121,2021-01-21
2021,22 de enero de 2021,262,571,1,0,20210122,2021-01-22
2021,23 de enero de 2021,218,453,1,0,20210123,2021-01-23
2021,24 de enero de 2021,185,522,1,0,20210124,2021-01-24
2021,25 de enero de 2021,264,535,1,0,20210125,2021-01-25
2021,26 de enero de 2021,232,555,1,0,20210126,2021-01-26
2021,27 de enero de 2021,246,604,1,0,20210127,2021-01-27
2021,28 de enero de 2021,225,578,1,0,20210128,2021-01-28
2021,29 de enero de 2021,237,541,1,0,20210129,2021-01-29
2021,30 de enero de 2021,199,518,1,0,20210130,2021-01-30
2021,31 de enero de 2021,178,492,1,0,20210131,2021-01-31
2021,1 de febrero de 2021,222,550,1,0,20210201,2021-02-01
2021,2 de febrero de 2021,204,496,1,0,20210202,2021-02-02
2021,3 de febrero de 2021,204,503,1,0,20210203,2021-02-03
2021,4 de febrero de 2021,181,496,1,0,20210204,2021-02-04
2021,5 de febrero de 2021,185,469,1,0,20210205,2021-02-05
2021,6 de febrero de 2021,129,418,1,0,20210206,2021-02-06
2021,7 de febrero de 2021,120,388,1,0,20210207,2021-02-07
2021,8 de febrero de 2021,170,418,1,0,20210208,2021-02-08
2021,9 de febrero de 2021,142,395,1,0,20210209,2021-02-09
2021,10 de febrero de 2021,119,415,1,0,20210210,2021-02-10
2021,11 de febrero de 2021,125,364,1,0,20210211,2021-02-11
2021,12 de febrero de 2021,106,341,1,0,20210212,2021-02-12
2021,13 de febrero de 2021,79,286,1,0,20210213,2021-02-13
2021,14 de febrero de 2021,70,249,1,0,20210214,2021-02-14
2021,15 de febrero de 2021,96,291,1,0,20210215,2021-02-15
2021,16 de febrero de 2021,90,298,1,0,20210216,2021-02-16
2021,17 de febrero de 2021,96,262,1,0,20210217,2021-02-17
2021,18 de febrero de 2021,84,244,1,0,20210218,2021-02-18
2021,19 de febrero de 2021,82,226,1,0,20210219,2021-02-19
2021,20 de febrero de 2021,65,186,1,0,20210220,2021-02-20
2021,21 de febrero de 2021,69,185,1,0,20210221,2021-02-21
2021,22 de febrero de 2021,84,231,1,0,20210222,2021-02-22
2021,23 de febrero de 2021,62,188,1,0,20210223,2021-02-23
2021,24 de febrero de 2021,67,208,1,0,20210224,2021-02-24
2021,25 de febrero de 2021,59,198,1,0,20210225,2021-02-25
2021,26 de febrero de 2021,77,178,1,0,20210226,2021-02-26
2021,27 de febrero de 2021,63,165,1,0,20210227,2021-02-27
2021,28 de febrero de 2021,57,150,1,0,20210228,2021-02-28
2021,1 de marzo de 2021,55,137,1,0,20210301,2021-03-01
2021,2 de marzo de 2021,80,154,1,0,20210302,2021-03-02
2021,3 de marzo de 2021,55,149,1,0,20210303,2021-03-03
2021,4 de marzo de 2021,66,139,1,0,20210304,2021-03-04
2021,5 de marzo de 2021,68,133,1,0,20210305,2021-03-05
2021,6 de marzo de 2021,50,129,1,0,20210306,2021-03-06
2021,7 de marzo de 2021,61,99,1,0,20210307,2021-03-07
2021,8 de marzo de 2021,52,124,1,0,20210308,2021-03-08
2021,9 de marzo de 2021,52,122,1,0,20210309,2021-03-09
2021,10 de marzo de 2021,55,106,1,0,20210310,2021-03-10
2021,11 de marzo de 2021,52,97,1,0,20210311,2021-03-11
2021,12 de marzo de 2021,43,108,1,0,20210312,2021-03-12
2021,13 de marzo de 2021,48,88,1,0,20210313,2021-03-13
2021,14 de marzo de 2021,46,81,1,0,20210314,2021-03-14
2021,15 de marzo de 2021,61,108,1,0,20210315,2021-03-15
2021,16 de marzo de 2021,57,115,1,0,20210316,2021-03-16
2021,17 de marzo de 2021,63,96,1,0,20210317,2021-03-17
2021,18 de marzo de 2021,56,72,1,0,20210318,2021-03-18
2021,19 de marzo de 2021,55,70,1,0,20210319,2021-03-19
2021,20 de marzo de 2021,44,70,1,0,20210320,2021-03-20
2021,21 de marzo de 2021,50,67,1,0,20210321,2021-03-21
2021,22 de marzo de 2021,65,73,1,0,20210322,2021-03-22
2021,23 de marzo de 2021,57,97,1,0,20210323,2021-03-23
2021,24 de marzo de 2021,72,65,1,0,20210324,2021-03-24
2021,25 de marzo de 2021,77,71,1,0,20210325,2021-03-25
2021,26 de marzo de 2021,72,89,1,0,20210326,2021-03-26
2021,27 de marzo de 2021,64,67,1,0,20210327,2021-03-27
2021,28 de marzo de 2021,51,74,1,0,20210328,2021-03-28
2021,29 de marzo de 2021,76,89,1,0,20210329,2021-03-29
2021,30 de marzo de 2021,65,84,1,0,20210330,2021-03-30
2021,31 de marzo de 2021,88,83,1,0,20210331,2021-03-31
2021,1 de abril de 2021,70,80,1,0,20210401,2021-04-01
2021,2 de abril de 2021,83,71,1,0,20210402,2021-04-02
2021,3 de abril de 2021,65,79,1,0,20210403,2021-04-03
2021,4 de abril de 2021,80,61,1,0,20210404,2021-04-04
2021,5 de abril de 2021,75,76,1,0,20210405,2021-04-05
2021,6 de abril de 2021,108,87,1,0,20210406,2021-04-06
2021,7 de abril de 2021,84,93,1,0,20210407,2021-04-07
2021,8 de abril de 2021,85,85,1,0,20210408,2021-04-08
2021,9 de abril de 2021,82,85,1,0,20210409,2021-04-09
2021,10 de abril de 2021,80,90,1,0,20210410,2021-04-10
2021,11 de abril de 2021,93,52,1,0,20210411,2021-04-11
2021,12 de abril de 2021,100,99,1,0,20210412,2021-04-12
2021,13 de abril de 2021,95,80,1,0,20210413,2021-04-13
2021,14 de abril de 2021,100,93,1,0,20210414,2021-04-14
2021,15 de abril de 2021,106,82,1,0,20210415,2021-04-15
2021,16 de abril de 2021,110,83,1,0,20210416,2021-04-16
2021,17 de abril de 2021,97,81,1,0,20210417,2021-04-17
2021,18 de abril de 2021,83,60,1,0,20210418,2021-04-18
2021,19 de abril de 2021,104,87,1,0,20210419,2021-04-19
2021,20 de abril de 2021,119,79,1,0,20210420,2021-04-20
2021,21 de abril de 2021,88,74,1,0,20210421,2021-04-21
2021,22 de abril de 2021,119,70,1,0,20210422,2021-04-22
2021,23 de abril de 2021,111,78,1,0,20210423,2021-04-23
2021,24 de abril de 2021,79,76,1,0,20210424,2021-04-24
2021,25 de abril de 2021,77,63,1,0,20210425,2021-04-25
2021,26 de abril de 2021,80,71,1,0,20210426,2021-04-26
2021,27 de abril de 2021,96,72,1,0,20210427,2021-04-27
2021,28 de abril de 2021,90,72,1,0,20210428,2021-04-28
2021,29 de abril de 2021,83,65,1,0,20210429,2021-04-29
2021,30 de abril de 2021,82,70,1,0,20210430,2021-04-30
2021,1 de mayo de 2021,70,56,1,0,20210501,2021-05-01
2021,2 de mayo de 2021,83,55,1,0,20210502,2021-05-02
2021,3 de mayo de 2021,83,79,1,0,20210503,2021-05-03
2021,4 de mayo de 2021,72,70,1,0,20210504,2021-05-04
2021,5 de mayo de 2021,95,69,1,0,20210505,2021-05-05
2021,6 de mayo de 2021,78,65,1,0,20210506,2021-05-06
2021,7 de mayo de 2021,79,71,1,0,20210507,2021-05-07
2021,8 de mayo de 2021,61,54,1,0,20210508,2021-05-08
2021,9 de mayo de 2021,41,53,1,0,20210509,2021-05-09
2021,10 de mayo de 2021,53,55,1,0,20210510,2021-05-10
2021,11 de mayo de 2021,58,55,1,0,20210511,2021-05-11
2021,12 de mayo de 2021,55,67,1,0,20210512,2021-05-12
2021,13 de mayo de 2021,40,59,1,0,20210513,2021-05-13
2021,14 de mayo de 2021,42,45,1,0,20210514,2021-05-14
2021,15 de mayo de 2021,40,44,1,0,20210515,2021-05-15
2021,16 de mayo de 2021,51,41,1,0,20210516,2021-05-16
2021,17 de mayo de 2021,56,34,1,0,20210517,2021-05-17
2021,18 de mayo de 2021,41,35,1,0,20210518,2021-05-18
2021,19 de mayo de 2021,53,49,1,0,20210519,2021-05-19
2021,20 de mayo de 2021,43,33,1,0,20210520,2021-05-20
2021,21 de mayo de 2021,49,45,1,0,20210521,2021-05-21
2021,22 de mayo de 2021,32,34,1,0,20210522,2021-05-22
2021,23 de mayo de 2021,43,34,1,0,20210523,2021-05-23
2021,24 de mayo de 2021,46,36,1,0,20210524,2021-05-24
2021,25 de mayo de 2021,40,21,1,0,20210525,2021-05-25
2021,26 de mayo de 2021,43,36,1,0,20210526,2021-05-26
2021,27 de mayo de 2021,36,18,1,0,20210527,2021-05-27
2021,28 de mayo de 2021,28,23,1,0,20210528,2021-05-28
2021,29 de mayo de 2021,20,22,1,0,20210529,2021-05-29
2021,30 de mayo de 2021,31,30,1,0,20210530,2021-05-30
2021,31 de mayo de 2021,35,39,1,0,20210531,2021-05-31
2021,1 de junio de 2021,29,25,1,0,20210601,2021-06-01
2021,2 de junio de 2021,31,33,1,0,20210602,2021-06-02
2021,3 de junio de 2021,33,29,1,0,20210603,2021-06-03
2021,4 de junio de 2021,30,32,1,0,20210604,2021-06-04
2021,5 de junio de 2021,27,26,1,0,20210605,2021-06-05
2021,6 de junio de 2021,32,26,1,0,20210606,2021-06-06
2021,7 de junio de 2021,22,19,1,0,20210607,2021-06-07
2021,8 de junio de 2021,22,30,1,0,20210608,2021-06-08
2021,9 de junio de 2021,26,18,1,0,20210609,2021-06-09
2021,10 de junio de 2021,17,26,1,0,20210610,2021-06-10
2021,11 de junio de 2021,20,11,1,0,20210611,2021-06-11
2021,12 de junio de 2021,17,22,1,0,20210612,2021-06-12
2021,13 de junio de 2021,24,18,1,0,20210613,2021-06-13
2021,14 de junio de 2021,28,18,1,0,20210614,2021-06-14
2021,15 de junio de 2021,22,23,1,0,20210615,2021-06-15
2021,16 de junio de 2021,20,22,1,0,20210616,2021-06-16
2021,17 de junio de 2021,14,23,1,0,20210617,2021-06-17
2021,18 de junio de 2021,8,18,1,0,20210618,2021-06-18
2021,19 de junio de 2021,18,9,1,0,20210619,2021-06-19
2021,20 de junio de 2021,10,16,1,0,20210620,2021-06-20
2021,21 de junio de 2021,24,19,1,0,20210621,2021-06-21
2021,22 de junio de 2021,12,19,1,0,20210622,2021-06-22
2021,23 de junio de 2021,18,19,1,0,20210623,2021-06-23
2021,24 de junio de 2021,15,14,1,0,20210624,2021-06-24
2021,25 de junio de 2021,19,12,1,0,20210625,2021-06-25
2021,26 de junio de 2021,11,13,1,0,20210626,2021-06-26
2021,27 de junio de 2021,9,19,1,0,20210627,2021-06-27
2021,28 de junio de 2021,18,16,1,0,20210628,2021-06-28
2021,29 de junio de 2021,19,14,1,0,20210629,2021-06-29
2021,30 de junio de 2021,15,13,1,0,20210630,2021-06-30
2021,1 de julio de 2021,21,15,1,0,20210701,2021-07-01
2021,2 de julio de 2021,17,6,1,0,20210702,2021-07-02
2021,3 de julio de 2021,24,16,1,0,20210703,2021-07-03
2021,4 de julio de 2021,14,9,1,0,20210704,2021-07-04
2021,5 de julio de 2021,21,12,1,0,20210705,2021-07-05
2021,6 de julio de 2021,22,12,1,0,20210706,2021-07-06
2021,7 de julio de 2021,37,10,1,0,20210707,2021-07-07
2021,8 de julio de 2021,27,8,1,0,20210708,2021-07-08
2021,9 de julio de 2021,35,15,1,0,20210709,2021-07-09
2021,10 de julio de 2021,37,17,1,0,20210710,2021-07-10
2021,11 de julio de 2021,33,15,1,0,20210711,2021-07-11
2021,12 de julio de 2021,41,19,1,0,20210712,2021-07-12
2021,13 de julio de 2021,46,20,1,0,20210713,2021-07-13
2021,14 de julio de 2021,38,19,1,0,20210714,2021-07-14
2021,15 de julio de 2021,68,20,1,0,20210715,2021-07-15
2021,16 de julio de 2021,62,42,1,0,20210716,2021-07-16
2021,17 de julio de 2021,68,21,1,0,20210717,2021-07-17
2021,18 de julio de 2021,47,26,1,0,20210718,2021-07-18
2021,19 de julio de 2021,70,34,1,0,20210719,2021-07-19
2021,20 de julio de 2021,82,48,1,0,20210720,2021-07-20
2021,21 de julio de 2021,91,54,1,0,20210721,2021-07-21
2021,22 de julio de 2021,85,51,1,0,20210722,2021-07-22
2021,23 de julio de 2021,85,49,1,0,20210723,2021-07-23
2021,24 de julio de 2021,95,85,1,0,20210724,2021-07-24
2021,25 de julio de 2021,76,59,1,0,20210725,2021-07-25
2021,26 de julio de 2021,104,62,1,0,20210726,2021-07-26
2021,27 de julio de 2021,106,80,1,0,20210727,2021-07-27
2021,28 de julio de 2021,100,72,1,0,20210728,2021-07-28
2021,29 de julio de 2021,93,75,1,0,20210729,2021-07-29
2021,30 de julio de 2021,78,98,1,0,20210730,2021-07-30
2021,31 de julio de 2021,71,86,1,0,20210731,2021-07-31
2021,1 de agosto de 2021,100,82,1,0,20210801,2021-08-01
2021,2 de agosto de 2021,100,94,1,0,20210802,2021-08-02
2021,3 de agosto de 2021,101,96,1,0,20210803,2021-08-03
2021,4 de agosto de 2021,92,122,1,0,20210804,2021-08-04
2021,5 de agosto de 2021,88,98,1,0,20210805,2021-08-05
2021,6 de agosto de 2021,78,115,1,0,20210806,2021-08-06
2021,7 de agosto de 2021,93,90,1,0,20210807,2021-08-07
2021,8 de agosto de 2021,78,79,1,0,20210808,2021-08-08
2021,9 de agosto de 2021,81,117,1,0,20210809,2021-08-09
2021,10 de agosto de 2021,89,104,1,0,20210810,2021-08-10
2021,11 de agosto de 2021,63,109,1,0,20210811,2021-08-11
2021,12 de agosto de 2021,83,130,1,0,20210812,2021-08-12
2021,13 de agosto de 2021,82,110,1,0,20210813,2021-08-13
2021,14 de agosto de 2021,62,113,1,0,20210814,2021-08-14
2021,15 de agosto de 2021,53,117,1,0,20210815,2021-08-15
2021,16 de agosto de 2021,77,111,1,0,20210816,2021-08-16
2021,17 de agosto de 2021,59,134,1,0,20210817,2021-08-17
2021,18 de agosto de 2021,65,108,1,0,20210818,2021-08-18
2021,19 de agosto de 2021,58,97,1,0,20210819,2021-08-19
2021,20 de agosto de 2021,66,96,1,0,20210820,2021-08-20
2021,21 de agosto de 2021,50,87,1,0,20210821,2021-08-21
2021,22 de agosto de 2021,51,78,1,0,20210822,2021-08-22
2021,23 de agosto de 2021,54,102,1,0,20210823,2021-08-23
2021,24 de agosto de 2021,62,89,1,0,20210824,2021-08-24
2021,25 de agosto de 2021,57,112,1,0,20210825,2021-08-25
2021,26 de agosto de 2021,55,88,1,0,20210826,2021-08-26
2021,27 de agosto de 2021,45,88,1,0,20210827,2021-08-27
2021,28 de agosto de 2021,47,78,1,0,20210828,2021-08-28
2021,29 de agosto de 2021,52,76,1,0,20210829,2021-08-29
2021,30 de agosto de 2021,44,95,1,0,20210830,2021-08-30
2021,31 de agosto de 2021,39,88,1,0,20210831,2021-08-31
2021,1 de septiembre de 2021,48,92,1,0,20210901,2021-09-01
2021,2 de septiembre de 2021,51,73,1,0,20210902,2021-09-02
2021,3 de septiembre de 2021,34,78,1,0,20210903,2021-09-03
2021,4 de septiembre de 2021,28,57,1,0,20210904,2021-09-04
2021,5 de septiembre de 2021,30,58,1,0,20210905,2021-09-05
2021,6 de septiembre de 2021,31,67,1,0,20210906,2021-09-06
2021,7 de septiembre de 2021,28,60,1,0,20210907,2021-09-07
2021,8 de septiembre de 2021,37,67,1,0,20210908,2021-09-08
2021,9 de septiembre de 2021,32,66,1,0,20210909,2021-09-09
2021,10 de septiembre de 2021,30,58,1,0,20210910,2021-09-10
2021,11 de septiembre de 2021,18,42,1,0,20210911,2021-09-11
2021,12 de septiembre de 2021,20,57,1,0,20210912,2021-09-12
2021,13 de septiembre de 2021,29,44,1,0,20210913,2021-09-13
2021,14 de septiembre de 2021,23,58,1,0,20210914,2021-09-14
2021,15 de septiembre de 2021,29,60,1,0,20210915,2021-09-15
2021,16 de septiembre de 2021,20,49,1,0,20210916,2021-09-16
2021,17 de septiembre de 2021,17,48,1,0,20210917,2021-09-17
2021,18 de septiembre de 2021,21,47,1,0,20210918,2021-09-18
2021,19 de septiembre de 2021,16,46,1,0,20210919,2021-09-19
2021,20 de septiembre de 2021,14,38,1,0,20210920,2021-09-20
2021,21 de septiembre de 2021,26,44,1,0,20210921,2021-09-21
2021,22 de septiembre de 2021,13,32,1,0,20210922,2021-09-22
2021,23 de septiembre de 2021,16,28,1,0,20210923,2021-09-23
2021,24 de septiembre de 2021,13,37,1,0,20210924,2021-09-24
2021,25 de septiembre de 2021,10,29,1,0,20210925,2021-09-25
2021,26 de septiembre de 2021,9,23,1,0,20210926,2021-09-26
2021,27 de septiembre de 2021,12,22,1,0,20210927,2021-09-27
2021,28 de septiembre de 2021,5,21,1,0,20210928,2021-09-28
2021,29 de septiembre de 2021,9,25,1,0,20210929,2021-09-29
2021,30 de septiembre de 2021,12,32,1,0,20210930,2021-09-30
2021,1 de octubre de 2021,15,28,1,0,20211001,2021-10-01
2021,2 de octubre de 2021,10,32,1,0,20211002,2021-10-02
2021,3 de octubre de 2021,9,18,1,0,20211003,2021-10-03
2021,4 de octubre de 2021,12,27,1,0,20211004,2021-10-04
2021,5 de octubre de 2021,6,13,1,0,20211005,2021-10-05
2021,6 de octubre de 2021,10,25,1,0,20211006,2021-10-06
2021,7 de octubre de 2021,13,27,1,0,20211007,2021-10-07
2021,8 de octubre de 2021,11,19,1,0,20211008,2021-10-08
2021,9 de octubre de 2021,7,17,1,0,20211009,2021-10-09
2021,10 de octubre de 2021,6,18,1,0,20211010,2021-10-10
2021,11 de octubre de 2021,18,22,1,0,20211011,2021-10-11
2021,12 de octubre de 2021,11,15,1,0,20211012,2021-10-12
2021,13 de octubre de 2021,15,21,1,0,20211013,2021-10-13
2021,14 de octubre de 2021,16,18,1,0,20211014,2021-10-14
2021,15 de octubre de 2021,13,17,1,0,20211015,2021-10-15
2021,16 de octubre de 2021,10,13,1,0,20211016,2021-10-16
2021,17 de octubre de 2021,21,16,1,0,20211017,2021-10-17
2021,18 de octubre de 2021,20,14,1,0,20211018,2021-10-18
2021,19 de octubre de 2021,16,18,1,0,20211019,2021-10-19
2021,20 de octubre de 2021,13,22,1,0,20211020,2021-10-20
2021,21 de octubre de 2021,16,22,1,0,20211021,2021-10-21
2021,22 de octubre de 2021,10,14,1,0,20211022,2021-10-22
2021,23 de octubre de 2021,17,16,1,0,20211023,2021-10-23
2021,24 de octubre de 2021,13,14,1,0,20211024,2021-10-24
2021,25 de octubre de 2021,20,16,1,0,20211025,2021-10-25
2021,26 de octubre de 2021,10,14,1,0,20211026,2021-10-26
2021,27 de octubre de 2021,16,16,1,0,20211027,2021-10-27
2021,28 de octubre de 2021,19,17,1,0,20211028,2021-10-28
2021,29 de octubre de 2021,16,7,1,0,20211029,2021-10-29
2021,30 de octubre de 2021,13,17,1,0,20211030,2021-10-30
2021,31 de octubre de 2021,10,12,1,0,20211031,2021-10-31
2021,1 de noviembre de 2021,12,15,1,0,20211101,2021-11-01
2021,2 de noviembre de 2021,19,9,1,0,20211102,2021-11-02
2021,3 de noviembre de 2021,9,19,1,0,20211103,2021-11-03
2021,4 de noviembre de 2021,11,10,1,0,20211104,2021-11-04
2021,5 de noviembre de 2021,17,10,1,0,20211105,2021-11-05
2021,6 de noviembre de 2021,20,15,1,0,20211106,2021-11-06
2021,7 de noviembre de 2021,8,18,1,0,20211107,2021-11-07
2021,8 de noviembre de 2021,26,29,1,0,20211108,2021-11-08
2021,9 de noviembre de 2021,27,24,1,0,20211109,2021-11-09
2021,10 de noviembre de 2021,24,21,1,0,20211110,2021-11-10
2021,11 de noviembre de 2021,16,18,1,0,20211111,2021-11-11
2021,12 de noviembre de 2021,19,27,1,0,20211112,2021-11-12
2021,13 de noviembre de 2021,17,17,1,0,20211113,2021-11-13
2021,14 de noviembre de 2021,15,20,1,0,20211114,2021-11-14
2021,15 de noviembre de 2021,22,23,1,0,20211115,2021-11-15
2021,16 de noviembre de 2021,31,23,1,0,20211116,2021-11-16
2021,17 de noviembre de 2021,20,21,1,0,20211117,2021-11-17
2021,18 de noviembre de 2021,18,22,1,0,20211118,2021-11-18
2021,19 de noviembre de 2021,28,13,1,0,20211119,2021-11-19
2021,20 de noviembre de 2021,24,20,1,0,20211120,2021-11-20
2021,21 de noviembre de 2021,33,26,1,0,20211121,2021-11-21
2021,22 de noviembre de 2021,41,31,1,0,20211122,2021-11-22
2021,23 de noviembre de 2021,36,25,1,0,20211123,2021-11-23
2021,24 de noviembre de 2021,44,19,1,0,20211124,2021-11-24
2021,25 de noviembre de 2021,36,29,1,0,20211125,2021-11-25
2021,26 de noviembre de 2021,39,31,1,0,20211126,2021-11-26
2021,27 de noviembre de 2021,31,29,1,0,20211127,2021-11-27
2021,28 de noviembre de 2021,35,22,1,0,20211128,2021-11-28
2021,29 de noviembre de 2021,53,40,1,0,20211129,2021-11-29
2021,30 de noviembre de 2021,37,43,1,0,20211130,2021-11-30
2021,1 de diciembre de 2021,55,37,1,0,20211201,2021-12-01
2021,2 de diciembre de 2021,51,36,1,0,20211202,2021-12-02
2021,3 de diciembre de 2021,45,40,1,0,20211203,2021-12-03
2021,4 de diciembre de 2021,42,38,1,0,20211204,2021-12-04
2021,5 de diciembre de 2021,45,43,1,0,20211205,2021-12-05
2021,6 de diciembre de 2021,44,51,1,0,20211206,2021-12-06
2021,7 de diciembre de 2021,62,45,1,0,20211207,2021-12-07
2021,8 de diciembre de 2021,50,46,1,0,20211208,2021-12-08
2021,9 de diciembre de 2021 ,52,50,1,0,20211209,2021-12-09
2021,10 de diciembre de 2021,59,50,1,0,20211210,2021-12-10
2021,11 de diciembre de 2021,61,52,1,0,20211211,2021-12-11
2021,12 de diciembre de 2021,45,44,1,0,20211212,2021-12-12
2021,13 de diciembre de 2021,67,62,1,0,20211213,2021-12-13
2021,14 de diciembre de 2021,67,63,1,0,20211214,2021-12-14
2021,15 de diciembre de 2021,85,48,1,0,20211215,2021-12-15
2021,16 de diciembre de 2021,81,88,1,0,20211216,2021-12-16
2021,17 de diciembre de 2021,74,77,1,0,20211217,2021-12-17
2021,18 de diciembre de 2021,55,64,1,0,20211218,2021-12-18
2021,19 de diciembre de 2021,66,71,1,0,20211219,2021-12-19
2021,20 de diciembre de 2021,78,85,1,0,20211220,2021-12-20
2021,21 de diciembre de 2021,66,73,1,0,20211221,2021-12-21
2021,22 de diciembre de 2021,67,76,1,0,20211222,2021-12-22
2021,23 de diciembre de 2021,74,83,1,0,20211223,2021-12-23
2021,24 de diciembre de 2021,86,74,1,0,20211224,2021-12-24
2021,25 de diciembre de 2021,73,82,1,0,20211225,2021-12-25
2021,26 de diciembre de 2021,79,84,1,0,20211226,2021-12-26
2021,27 de diciembre de 2021,100,96,1,0,20211227,2021-12-27
2021,28 de diciembre de 2021,93,93,1,0,20211228,2021-12-28
2021,29 de diciembre de 2021,71,102,1,0,20211229,2021-12-29
2021,30 de diciembre de 2021,101,100,1,0,20211230,2021-12-30
2021,31 de diciembre de 2021,72,94,1,0,20211231,2021-12-31
2022,1 de enero de 2022,97,104,1,0,20220101,2022-01-01
2022,2 de enero de 2022,87,102,1,0,20220102,2022-01-02
2022,3 de enero de 2022,112,137,1,0,20220103,2022-01-03
2022,4 de enero de 2022,91,139,1,0,20220104,2022-01-04
2022,5 de enero de 2022,118,121,1,0,20220105,2022-01-05
2022,6 de enero de 2022,90,115,1,0,20220106,2022-01-06
2022,7 de enero de 2022,93,125,1,0,20220107,2022-01-07
2022,8 de enero de 2022,93,140,1,0,20220108,2022-01-08
2022,9 de enero de 2022,99,136,1,0,20220109,2022-01-09
2022,10 de enero de 2022,117,180,1,0,20220110,2022-01-10
2022,11 de enero de 2022,104,157,1,0,20220111,2022-01-11
2022,12 de enero de 2022,109,171,1,0,20220112,2022-01-12
2022,13 de enero de 2022,114,183,1,0,20220113,2022-01-13
2022,14 de enero de 2022,97,192,1,0,20220114,2022-01-14
2022,15 de enero de 2022,78,180,1,0,20220115,2022-01-15
2022,16 de enero de 2022,80,212,1,0,20220116,2022-01-16
2022,17 de enero de 2022,113,217,1,0,20220117,2022-01-17
2022,18 de enero de 2022,91,213,1,0,20220118,2022-01-18
2022,19 de enero de 2022,98,224,1,0,20220119,2022-01-19
2022,20 de enero de 2022,91,208,1,0,20220120,2022-01-20
2022,21 de enero de 2022,99,226,1,0,20220121,2022-01-21
2022,22 de enero de 2022,66,191,1,0,20220122,2022-01-22
2022,23 de enero de 2022,77,202,1,0,20220123,2022-01-23
2022,24 de enero de 2022,93,246,1,0,20220124,2022-01-24
2022,25 de enero de 2022,95,246,1,0,20220125,2022-01-25
2022,26 de enero de 2022,82,236,1,0,20220126,2022-01-26
2022,27 de enero de 2022,89,218,1,0,20220127,2022-01-27
2022,28 de enero de 2022,73,248,1,0,20220128,2022-01-28
2022,29 de enero de 2022,58,244,1,0,20220129,2022-01-29
2022,30 de enero de 2022,66,228,1,0,20220130,2022-01-30
2022,31 de enero de 2022,78,264,1,0,20220131,2022-01-31
2022,1 de febrero de 2022,58,250,1,0,20220201,2022-02-01
2022,2 de febrero de 2022,68,237,1,0,20220202,2022-02-02
2022,3 de febrero de 2022,70,237,1,0,20220203,2022-02-03
2022,4 de febrero de 2022,65,226,1,0,20220204,2022-02-04
2022,5 de febrero de 2022,39,210,1,0,20220205,2022-02-05
2022,6 de febrero de 2022,42,216,1,0,20220206,2022-02-06
2022,7 de febrero de 2022,56,212,1,0,20220207,2022-02-07
2022,8 de febrero de 2022,45,217,1,0,20220208,2022-02-08
2022,9 de febrero de 2022,38,221,1,0,20220209,2022-02-09
2022,10 de febrero de 2022,42,182,1,0,20220210,2022-02-10
2022,11 de febrero de 2022,52,206,1,0,20220211,2022-02-11
2022,12 de febrero de 2022,24,161,1,0,20220212,2022-02-12
2022,13 de febrero de 2022,24,165,1,0,20220213,2022-02-13
2022,14 de febrero de 2022,41,152,1,0,20220214,2022-02-14
2022,15 de febrero de 2022,38,183,1,0,20220215,2022-02-15
2022,16 de febrero de 2022,44,148,1,0,20220216,2022-02-16
2022,17 de febrero de 2022,30,128,1,0,20220217,2022-02-17
2022,18 de febrero de 2022,17,98,1,0,20220218,2022-02-18
2022,19 de febrero de 2022,17,100,1,0,20220219,2022-02-19
2022,20 de febrero de 2022,17,95,1,0,20220220,2022-02-20
2022,21 de febrero de 2022,33,95,1,0,20220221,2022-02-21
2022,22 de febrero de 2022,16,122,1,0,20220222,2022-02-22
2022,23 de febrero de 2022,24,100,1,0,20220223,2022-02-23
2022,24 de febrero de 2022,20,93,1,0,20220224,2022-02-24
2022,25 de febrero de 2022,19,92,1,0,20220225,2022-02-25
2022,26 de febrero de 2022,23,76,1,0,20220226,2022-02-26
2022,27 de febrero de 2022,15,62,1,0,20220227,2022-02-27
2022,28 de febrero de 2022,22,97,1,0,20220228,2022-02-28
2022,1 de marzo de 2022,15,78,1,0,20220301,2022-03-01
2022,2 de marzo de 2022,15,62,1,0,20220302,2022-03-02
2022,3 de marzo de 2022,16,80,1,0,20220303,2022-03-03
2022,4 de marzo de 2022,10,69,1,0,20220304,2022-03-04
2022,5 de marzo de 2022,17,58,1,0,20220305,2022-03-05
2022,6 de marzo de 2022,19,70,1,0,20220306,2022-03-06
2022,7 de marzo de 2022,23,57,1,0,20220307,2022-03-07
2022,8 de marzo de 2022,25,71,1,0,20220308,2022-03-08
2022,9 de marzo de 2022,22,69,1,0,20220309,2022-03-09
2022,10 de marzo de 2022,13,70,1,0,20220310,2022-03-10
2022,11 de marzo de 2022,23,63,1,0,20220311,2022-03-11
2022,12 de marzo de 2022,19,58,1,0,20220312,2022-03-12
2022,13 de marzo de 2022,16,45,1,0,20220313,2022-03-13
2022,14 de marzo de 2022,19,53,1,0,20220314,2022-03-14
2022,15 de marzo de 2022,19,59,1,0,20220315,2022-03-15
2022,16 de marzo de 2022,12,57,1,0,20220316,2022-03-16
2022,17 de marzo de 2022,17,50,1,0,20220317,2022-03-17
2022,18 de marzo de 2022,9,39,1,0,20220318,2022-03-18
2022,19 de marzo de 2022,20,62,1,0,20220319,2022-03-19
2022,20 de marzo de 2022,14,40,1,0,20220320,2022-03-20
2022,21 de marzo de 2022,16,41,1,0,20220321,2022-03-21
2022,22 de marzo de 2022,28,39,1,0,20220322,2022-03-22
2022,23 de marzo de 2022,21,45,1,0,20220323,2022-03-23
2022,24 de marzo de 2022,24,47,1,0,20220324,2022-03-24
2022,25 de marzo de 2022,15,39,1,0,20220325,2022-03-25
2022,26 de marzo de 2022,11,35,1,0,20220326,2022-03-26
2022,27 de marzo de 2022,15,33,1,0,20220327,2022-03-27
2022,28 de marzo de 2022,16,30,1,0,20220328,2022-03-28
2022,29 de marzo de 2022,21,46,1,0,20220329,2022-03-29
2022,30 de marzo de 2022,15,50,1,0,20220330,2022-03-30
2022,31 de marzo de 2022,15,36,1,0,20220331,2022-03-31
2022,1 de abril de 2022,22,41,1,0,20220401,2022-04-01
2022,2 de abril de 2022,16,38,1,0,20220402,2022-04-02
2022,3 de abril de 2022,12,36,1,0,20220403,2022-04-03
2022,4 de abril de 2022,17,37,1,0,20220404,2022-04-04
2022,5 de abril de 2022,19,47,1,0,20220405,2022-04-05
2022,6 de abril de 2022,14,42,1,0,20220406,2022-04-06
2022,7 de abril de 2022,22,48,1,0,20220407,2022-04-07
2022,8 de abril de 2022,11,35,1,0,20220408,2022-04-08
2022,9 de abril de 2022,20,38,1,0,20220409,2022-04-09
2022,10 de abril de 2022,11,46,1,0,20220410,2022-04-10
2022,11 de abril de 2022,13,37,1,0,20220411,2022-04-11
2022,12 de abril de 2022,22,58,1,0,20220412,2022-04-12
2022,13 de abril de 2022,15,41,1,0,20220413,2022-04-13
2022,14 de abril de 2022,11,38,1,0,20220414,2022-04-14
2022,15 de abril de 2022,16,46,1,0,20220415,2022-04-15
2022,16 de abril de 2022,13,65,1,0,20220416,2022-04-16
2022,17 de abril de 2022,20,50,1,0,20220417,2022-04-17
2022,18 de abril de 2022,23,42,1,0,20220418,2022-04-18
2022,19 de abril de 2022,25,49,1,0,20220419,2022-04-19
2022,20 de abril de 2022,32,40,1,0,20220420,2022-04-20
2022,21 de abril de 2022,27,52,1,0,20220421,2022-04-21
2022,22 de abril de 2022,23,62,1,0,20220422,2022-04-22
2022,23 de abril de 2022,18,54,1,0,20220423,2022-04-23
2022,24 de abril de 2022,27,53,1,0,20220424,2022-04-24
2022,25 de abril de 2022,29,49,1,0,20220425,2022-04-25
2022,26 de abril de 2022,22,51,1,0,20220426,2022-04-26
2022,27 de abril de 2022,24,51,1,0,20220427,2022-04-27
2022,28 de abril de 2022,33,57,1,0,20220428,2022-04-28
2022,29 de abril de 2022,29,48,1,0,20220429,2022-04-29
2022,30 de abril de 2022,15,49,1,0,20220430,2022-04-30
2022,1 de mayo de 2022,23,60,1,0,20220501,2022-05-01
2022,2 de mayo de 2022,24,46,1,0,20220502,2022-05-02
2022,3 de mayo de 2022,35,60,1,0,20220503,2022-05-03
2022,4 de mayo de 2022,25,66,1,0,20220504,2022-05-04
2022,5 de mayo de 2022,25,54,1,0,20220505,2022-05-05
2022,6 de mayo de 2022,28,68,1,0,20220506,2022-05-06
2022,7 de mayo de 2022,12,54,1,0,20220507,2022-05-07
2022,8 de mayo de 2022,25,62,1,0,20220508,2022-05-08
2022,9 de mayo de 2022,33,63,1,0,20220509,2022-05-09
2022,10 de mayo de 2022,32,70,1,0,20220510,2022-05-10
2022,11 de mayo de 2022,38,61,1,0,20220511,2022-05-11
2022,12 de mayo de 2022,18,78,1,0,20220512,2022-05-12
2022,13 de mayo de 2022,29,53,1,0,20220513,2022-05-13
2022,14 de mayo de 2022,17,43,1,0,20220514,2022-05-14
2022,15 de mayo de 2022,21,40,1,0,20220515,2022-05-15
2022,16 de mayo de 2022,22,48,1,0,20220516,2022-05-16
2022,17 de mayo de 2022,25,49,1,0,20220517,2022-05-17
2022,18 de mayo de 2022,24,47,1,0,20220518,2022-05-18
2022,19 de mayo de 2022,21,43,1,0,20220519,2022-05-19
2022,20 de mayo de 2022,9,18,1,0,20220520,2022-05-20
2022,21 de mayo de 2022,12,15,1,0,20220521,2022-05-21
2022,22 de mayo de 2022,3,10,1,0,20220522,2022-05-22
2022,23 de mayo de 2022,1,0,1,0,20220523,2022-05-23
