CPU_%,Memoria_%,Conexiones,Ancho_banda_MB,Latencia_ms,Servidor_Saturado
-1.9409125814183648,0.07140842141717174,1.6919544301237486,-4.181512254066368,0.08635531550037072,1
-0.626350521429098,-2.077537235680338,0.897010366410445,-0.8221420327318749,-0.16850663093486837,0
-1.4765481764365986,-0.4612932243697627,0.6644290486280074,1.3061028618616521,0.4356749109059113,0
-4.966779511924591,-2.730796373225514,0.7110243997273715,-5.170027573487646,-0.8366279292906311,1
0.4676946571187979,0.8636926935223035,2.000070200577121,-2.8644106267833798,1.669228754640302,1
-1.0019761733809873,-2.365647439643726,-1.6450300930794506,-0.579993443303164,-0.7054256480791758,0
0.7874796586221513,-3.382712458200713,0.9805794718556979,0.5104900844333768,0.9422381514973616,0
0.9645682845212442,-2.095612580822804,1.2170278851029406,1.4423552264594706,0.4540138017167675,0
0.30084319300816187,0.9860147128279766,-2.0199058304269464,-0.9284694779653601,0.15161882736063023,0
-0.03438357361642663,-1.0092463110633147,0.49816887594532777,-0.8497390827776181,0.14993167006339106,0
-0.007960247659478226,0.8581987469799427,-0.5693432208360372,3.1199318775679092,-1.0038910792188394,1
-0.64500560629532,-0.5960741557711953,1.5403873651283342,-1.5877522735878573,1.058504300451178,1
-0.7093481402277133,-0.7852869380865382,1.2810742525461436,1.732246207196898,-0.614236618548697,0
-1.4917313927656142,-0.44529219123130237,1.375140044408904,-0.7667470873717432,-0.14634235365483608,0
1.821534314596412,-0.027878505101864626,-1.1024149112899964,1.6005284779818603,-0.596395217935485,1
-2.633059382880405,-1.8179322478388829,3.52946859650553,-1.7750830265288082,0.5623166206232582,1
-1.2421140807915463,-1.1056455574961008,-0.18811324976325638,-1.1653671683458393,0.8328993285973896,0
-0.6450080040230832,-2.01766273095011,-1.9692893644996294,-0.5122653910503239,1.3488294204391502,0
0.7785972385053541,0.4795715698472265,2.3813529562337252,0.2485806830373698,-0.22012368028997004,1
-2.2965147881717165,-1.5235552445747882,2.901439082834482,-1.9123900095315607,0.25386120901458487,1
-1.908028464827702,0.33242661658636385,-2.1793471244528173,-1.5042901160927713,0.13110209068591813,0
-1.9832903292169177,0.5709023605412473,0.5068859145449762,2.4159938002639096,1.4935827693088695,0
-1.0531636415006385,-1.226249424358913,0.5870062940070948,2.3192592247658377,0.6820595085768006,0
-1.9970905696877481,-1.9735965155690909,0.33432631948121605,-1.257201188640848,-0.09843898615563221,0
0.9274174909385153,-2.1321368529585953,0.8038023954802072,-1.7898505818238895,2.289805797460459,0
-2.0937580133540945,-0.015712994027031524,0.9412041846821388,-3.395969908561481,0.6771597120657875,1
-1.2959886525171753,-1.1431458486212978,-0.7855723441711528,-1.0816471225571536,1.9190008932186058,0
0.08344420446734313,1.5511617039422416,-0.4239251370308058,0.8586817785413887,-1.3495488481743696,1
-1.2307736290579467,-0.898170789307699,1.5051580388263721,-0.5467920256118823,1.247811197916247,1
-1.4024314246396838,-0.30538052865493603,2.4535695465719307,-2.8830790121532583,-1.323271023105105,1
0.665738365453848,-1.060639875400683,2.0507037559002512,0.5480618359873417,0.23320596398520743,1
-2.4217891279603476,-0.21431983998700666,-2.596486880445139,-1.5000989605903334,0.3254317585362977,0
-3.1696911170219395,-1.1608805618081461,-2.5749922170078814,-1.5290654955820977,0.29837745260117915,0
1.475548485379286,0.4159707769976009,-1.611098534471323,0.663214903583803,0.42709731679166757,1
1.2079667459830454,0.30588048372903076,-1.1953250620172249,2.5990436856048595,-1.153623990282676,1
-2.460607251222627,0.05333412801224191,3.0727031809823737,-3.4274684064090337,-1.110652196249686,1
-0.3975206214071164,-1.9144700414825717,1.5027248260099832,1.3410491327256575,0.3118141834772605,0
-0.7561853018896675,-0.8193348250918202,1.3191190173701828,-1.053391455041135,-1.2875190260592986,0
-2.7401067442611997,-0.4212008353423371,-0.5113868423160873,-1.803707363141767,1.6216000997663216,0
-0.6935426835740612,-2.919757597758249,-3.773090478321745,-0.05947596366259944,1.2431834372143582,0
-1.3937971209312994,1.3719748918178012,2.0811886144196854,0.8517451562468079,0.18716402048616199,0
0.1607873938165154,0.4611544560694456,1.5576977587390117,1.426087653959997,0.661422784083347,0
-1.065425350430814,-0.4336924948223102,1.4426669250640767,-2.764036278311191,1.3669904326788433,1
2.4511546057232145,0.5943341678594873,-0.7032671069968561,0.5241445421263069,-0.6693860527711348,1
-0.7446852538203365,-1.484435722112094,0.05068696228058256,-0.3407055689603149,0.8119403283952916,1
-2.4914130175334135,-0.5487518951016183,1.3816787430746298,0.9645066965198463,0.7941400600761793,0
-2.52133490053051,1.4585546234622329,-0.941699676975934,-2.1578265818537212,1.1532385785452397,0
-0.31341544724077,2.1721190811636877,-3.518246843705955,-1.2759579851706915,1.8823618585134785,0
1.6976193365494248,-4.077018430452339,0.7113741212101381,0.4880842992058323,-0.8658664371290591,0
-3.536700781316508,0.3064783994743119,-2.2479057903554187,-2.0544810112914442,0.22987220812393777,0
0.1182146095310741,-0.1629814941848704,3.0666157908032714,-0.917256403049777,0.6235221029507587,1
-0.7932579571969851,0.8563727971683781,-1.4302705051926508,-1.3414141918180937,0.6624810601645157,0
-0.9100639964018837,-1.207660523590051,3.2292526914060695,0.2785562339371346,0.031022936999807037,1
1.0524632688273277,0.41359133042112484,-1.6821132779222892,0.7289254632714648,0.0004212592371184664,1
-0.7477053592070125,-1.037348677922787,0.8573483054539899,3.2425962651204747,-0.3548073501842204,0
0.964423252263017,2.109311924624834,0.07711481842480294,-0.4230328472103879,-0.20892848687957735,1
2.8385203423959062,0.25886064666500674,-2.446801732277237,0.26279255410949287,-2.407344206983942,1
2.5235927865341807,0.1688073785969515,-2.1456042835969606,1.851600455140663,-0.6607420360353083,1
-1.6319751925669648,-1.0734721587281306,1.2127156251996676,-1.267251541482358,-1.4187085375474735,1
1.2158365900027566,0.3072375280587307,-0.4715911646428327,2.461947923499059,0.5871376842128475,1
0.4578938693946937,-0.43536777583849773,1.057454955196221,1.8021762562303938,-0.5030805391046554,0
-1.6461980896076203,-1.096493242628503,0.689092882480739,-1.384954961234762,-1.0987024773847005,1
-1.7411630241346352,-1.3747285929428315,0.3371029316397042,-1.9954507954011353,1.0871951843953045,1
1.2596504296023665,2.1100344839437923,-0.24854914756049284,0.8963093312512552,0.4603298731798137,1
-1.814947045287828,0.2414904032684282,-1.6829582008730337,-1.4941479734398202,-1.0317170119335606,0
-1.1537698492756256,0.28704173439268876,-2.7875224742589806,-1.1637715601743719,-0.9700039675090428,0
-1.3384851615747144,0.3961791346748931,0.40399488248535675,-1.6373652103751826,1.9436030481831703,0
1.3705509326521728,-0.2575868669429138,-1.7460525745301592,1.8282197722123565,0.6157007293625533,1
0.010690993952797045,-0.7697567741561501,1.7759587159142054,0.6375849385860177,-0.5045524370842177,1
-1.8191460526704344,-0.18419172374164983,0.7576955082146125,1.5507443054919565,-0.5589947278819981,0
-0.5138696387506162,-0.7218686066957111,2.2706811992368774,-0.3715773875141266,-0.30742344459825993,1
1.4190863436706136,0.2964853322071471,-1.967838187496934,2.5407455239473915,0.29785609420602127,1
-0.10804467036144905,3.1030749567541838,1.4994382593673223,0.9677548963722211,1.4990344046594257,1
0.7700356334309912,2.2273509013141566,1.0585541951837492,1.7261358416463979,0.768179564462847,1
-1.7943561290045853,0.49955697667506627,1.4747647425328791,0.29058899014592243,0.34489700824991926,0
-1.5071654350488821,-1.547292129578823,0.38674062192115954,2.1303935718662297,-0.6549459608026902,0
-0.863558268600048,-0.5482195792477944,-1.0161612803558793,-1.067365484800735,0.1849008169289769,0
-1.253459945562466,-2.332119326016624,-1.6513230871670979,-0.6788494988868241,-0.46040661563924223,0
-1.1840069989458744,-1.5037304881174602,-1.408367024782124,-0.8872388098886254,0.6481372699075333,0
-1.965572956179602,0.24861236001017661,0.5042405727667656,-1.8239472744064873,-0.9923582864905137,0
-2.5783506688808653,-0.9432041628616655,1.062441352650751,-2.687425528074458,0.18183903720506076,1
-0.7940339137807447,0.09336417230464522,-0.2438530592543633,-1.6829192835380677,2.2567513964341175,1
-2.3089600293994197,-3.7825818269182254,-0.46614153137918635,1.8741554073812108,-1.0369510059749418,0
-1.751088425242388,0.3930934978690479,1.6172622214147576,-0.1495312810097591,-1.7783509672653808,0
-0.7875051168366964,2.695879739992205,0.6068976074994363,1.4875810188236338,-0.9729497793166654,1
-0.36588872619252677,0.20591817254514466,0.430990562196512,-2.0503685074766445,0.8994350407557219,1
-2.2388844262458565,-1.8240897375481229,-0.18981685675743476,-2.8657752913935726,-0.8442790185229957,1
-3.8126317536742427,-2.449001767314382,1.6203658797303908,-2.442590486126739,1.68354649877845,1
1.98604183171006,1.1516954413217007,-0.5789703223545357,0.5340193454264136,-0.8814336084580743,1
-0.1036154804304047,-2.1214886736701497,1.2485120042761395,1.565950280237316,-0.42251273442204323,0
0.20401387662781323,-1.0945734084238528,-3.4289745921884003,-0.271615273453246,0.2917303772534079,0
0.9630941014432501,0.8067725284057634,1.756372625529183,-0.7316771477309252,2.3003956426851713,0
1.4473315263062139,-2.304014632557358,1.1710061183804201,0.4021779830237703,1.927569385178195,0
1.7877156700854384,0.7986881449390002,-0.9958705524388516,1.4239608037123963,-1.0551784721031583,1
-0.33932884491876514,-0.10951859639179173,1.9875575172499649,0.8811217438796284,0.264644005121289,0
0.25995264070214663,0.34088577693103095,2.1969699794500848,-0.35926484723539054,-0.7290791631026989,1
-2.790474445015122,-0.35259433103688365,0.043071384792830125,-1.8973256073197304,0.933783912872343,0
0.3430371940553637,0.9225887056648184,-0.4161281003835501,2.018573975343111,-1.7187508928621646,1
-2.0290229915601357,1.113197760789217,1.3736570843917464,1.0186089810579124,0.33016684119296735,0
-1.1099724848384938,-0.6804379975221823,2.193291135125908,-0.8062187266040719,-0.8386895237038932,1
-3.0362973820062895,-1.5104276938013323,-2.136635597840466,-1.4413704249318364,0.8647446916408404,0
2.5658658555936427,-0.3074945768920261,-2.716049403994672,1.7190387503121496,-0.33317166483092703,1
-2.270569812469054,0.37144561016307454,-0.41081278607771776,-1.8605659567347947,0.17259410391486618,0
-2.705464200395293,-0.7923786132874058,0.5812791221322788,-0.038242797624196356,-1.2780584791178016,0
-1.0855176095522048,-2.325107738204644,-1.0806316460931602,-2.430126453902899,-0.21795205326864608,1
-4.89952342485326,-3.028490668067858,3.8382890904855715,-3.2025729022244835,0.666166065471662,1
1.4702106823653076,1.891822998606592,0.1049817557293844,0.2827203891600194,0.33014261578907306,1
-0.6223379554952856,-0.24313892655238178,1.2820188895081035,0.4934894519195453,-0.16809346596524435,0
0.15749707139533897,0.11360104279834737,1.5974192859055638,-1.3241538298886706,-0.5491469770457174,1
-1.9106258895500685,-3.353712287188926,-1.3511073638349822,-0.681460175440922,-0.7192433379629661,0
-0.6378972615685399,-0.37539545887268755,0.2388001596972893,-0.531082631745478,0.8537246722572774,1
-0.1604189611135558,2.8434189484019914,0.5299801797239156,-0.1525726521115669,0.34869045175724583,1
-0.2767995592545942,1.865875719178089,0.3691812126826588,1.6528653131251883,-0.4203951223616271,1
-1.318745714990735,-0.35595368285576034,2.0940738853444594,-2.05038793591274,0.23632590272777546,1
-2.8539311374429346,0.6965688363987808,-0.17525825581882826,0.7131081557960287,-0.0486068948728155,0
-1.639443243431589,-2.341355220732741,-0.2518817020579417,-0.9636019799710487,-1.689058449328896,0
-0.4136597318005638,-1.1193970492935654,0.8416998444255382,-0.09513677837795731,-0.817401811088721,0
-2.1195872169219325,-2.9184110599603614,-2.5433277002719588,-0.7233314197138392,0.7863127098804469,0
-0.025644302619890702,1.452925415763434,2.415276977889077,1.4459633375805656,0.3400593668608015,0
-0.6372955550345866,-0.08026280412718534,1.1417558298264934,3.532491822230529,-0.11224746695165881,0
-1.5134719228233977,-0.5771415632432171,-0.07915958020870628,-1.3966345104967046,-1.3260950590468563,0
-0.7437555640540365,-4.756124546816419,-0.5347935741744557,-0.00808953679274993,0.7380803749096508,0
-2.2226721712628255,-0.07786119456841056,1.5859840366971114,2.144438791628062,2.11087263702428,0
-0.7126092503960845,-3.052772146144041,-3.3250050035372998,-0.09225066664168524,-0.8590879423640695,0
0.5410750263480084,1.4043028204142116,-0.02818334395968103,0.9906189588590049,-0.13404658325719543,1
-2.045516142580261,-2.50708966581191,1.8663527838092424,-2.0071641592225102,-0.1701796665065516,1
-1.382869200596088,-0.4699330112690008,1.40744359423124,-0.4615800685735141,1.705642942525445,0
-1.9228394966024098,-1.2978721154878818,2.2497173949450517,-1.3363999741554216,-1.5456501396999585,1
-0.6706753712576086,-0.8235322286861904,-0.5806258889595598,-0.9757605181370095,1.3068740958752738,0
0.8253541399314055,0.866302911686057,2.2607700936907533,1.1305748526021806,-0.9244972092556034,0
1.0891617040695747,0.9776059034001472,-0.6678050375719595,0.7676532499959694,-0.5083893712580683,1
-0.16133662073288657,-0.011651980598825329,2.1078017608588615,0.616270338049566,-0.45973073137422704,0
2.6194530156558913,1.6908658900172693,-1.8281122688128857,-0.6395115972550245,1.556049439477057,1
-0.4289065275724978,-1.3544500335573249,0.8747488897756657,0.9305546988447732,-0.5034210533268308,0
-3.764357405147523,1.2866892227196707,-1.1925808963127393,-2.5066537431144527,0.3673886906306303,0
-3.575985063963609,-1.1760605114754956,-0.4783211255000617,-1.906438880914442,-0.621627174035903,0
1.3409812815806257,-0.2015775021833437,1.185557515167519,0.3285983390406755,1.3169588366867038,1
-0.4032141730306663,-0.5026474544021636,1.770315363754254,-0.008940753338373852,-0.7820238651074395,0
-0.8688375675586361,-0.6978578756867188,1.2781515480303212,0.472151819633326,-0.9049146520560105,0
-1.5172753480592491,-0.6802668664261322,1.63045894784984,1.670145936499611,0.1130961378202375,0
0.5571989779981426,0.4655716069233443,0.0855141953315195,2.027125276676469,-1.3760422637893543,1
2.5586417324223416,1.2908654971360793,-2.3263904018936277,-0.7509712625832103,-0.4746977696370589,1
-0.015176815028020707,-0.07273886287525722,-0.5614497538341898,2.1742462581879747,-0.4731700706360385,1
1.678994759468211,1.4008341174610137,-0.9843039573151224,-0.3403956301657709,-1.0920457994509594,1
0.6935129884416469,1.354073166355937,-0.9372112196014013,2.231206407823601,0.10617496974650213,1
-0.2009839414956942,0.27469531531807667,1.0881142226785578,-1.392044182093887,1.5832255296925064,1
-0.09593932240514413,-0.07580465278516801,-3.1252466861321215,-0.6581201068242015,0.5032846688166488,0
-0.6053087944958767,-0.588893821209928,1.1033176069171122,0.013071200363863777,0.1339599071656446,1
-0.3645745385012018,-0.3335096762935654,1.2777040995669773,1.4359849167834544,-1.880443055124838,0
-3.1574706239413572,-0.7850386959282761,-1.7303411482505684,-1.702639961362752,-0.18533712281575823,0
-0.49433291553912284,-3.446807095251054,-0.3718520042359188,0.45202605135178187,-0.44876822448863096,0
-1.168821168975175,-2.305907934429041,0.28769953564513573,-0.10766509494538967,0.3786662342514116,0
-1.04167018850292,0.9066357086378378,1.883100954425962,-0.4082105620779881,1.763557440006718,0
-0.8202882627274095,-1.1137445471147915,-1.4485044419288853,-0.8572420621789033,1.2706995850921912,0
1.7006017336333268,0.466682628659439,-2.479275554751455,0.9143315597512358,-1.6646097350337665,1
-2.539558084296412,-0.8556564245432265,1.1967048112603247,1.4619498680522893,1.4567099500617942,0
-1.6210189314053425,-0.4829139002277629,0.2611990614247488,-2.5934144848645926,-0.08456299914380815,1
-1.08044851967283,0.27352020798982446,1.509038222647754,0.0841476648221271,0.9674877492386388,0
0.16324313092516762,-2.0600399144830783,1.1484273247986994,1.430451579974108,0.09626077640338242,0
0.4676880848688928,0.7376665927765631,-1.2478100445931146,2.036975276168734,0.8029239690806602,1
-2.870643457478235,-0.8215022146706553,1.114161141635019,2.0172472072941514,0.856450680015159,0
0.8334416539756606,0.18214725376125096,-1.7611951751139583,1.8957650009220846,0.31353796728351535,1
1.209711065199233,0.45300514029386085,-1.554635851508873,-0.03358811611582846,1.036201832131722,1
0.3414208608974776,1.984717945409094,-0.03526968174421874,1.3488766549727877,1.6261427987831114,1
-0.1994741264066069,1.6197174194472672,0.04706407986056904,1.1226921572483495,-0.002166453227886297,1
-1.9410725320664661,1.4975716706245055,-1.8381228670481113,-1.8567854605141514,0.06231564543053688,0
-2.7356709208658136,0.3845903598651681,-0.26882945696935057,-2.0297579632393283,-0.06154327388004871,0
0.15648862820290876,0.2560721940114197,0.498954112142478,-1.7030535616673619,0.7607696419593537,1
0.6486451352215533,1.359549626478966,1.0227629588358256,0.9892207264794384,1.4776818779376781,1
1.0905813280448489,-0.7705304682695544,-1.776409916421962,3.38324513398805,-1.8385068318025504,1
-0.3089599929247351,0.7741828222951852,-0.7140361097050132,2.9357985016039034,-0.7528447693857241,1
-1.9095522117683115,0.4511433048656266,1.8032434985955197,-2.007832743202783,-0.3253628783514149,0
0.4133310703328965,0.6974181497148411,-0.8025494614329025,-0.9624775414157146,1.113948633215661,0
-0.7122096914386356,1.3155560647136044,0.3608909038223147,2.5226535651730355,0.8560592234970398,1
-0.7482630575330335,0.02211541249889848,0.9310324280595095,0.7649853942183666,0.0695480877572431,0
1.808651440043933,-0.21377156843271572,-1.2840667460815958,-0.18632700780593603,0.13829868978581025,0
-1.0959563175396834,-1.1698589444899756,0.9704861039097222,0.3719010065529931,0.21174971808112725,0
-1.744206451611259,1.0422831729288897,-2.1954895699025956,-1.6255809662887306,0.9034807085406811,0
-0.3430369158995865,-2.1560453022208046,-0.3775308165733674,-0.5569183816534173,-0.7193199901295528,0
1.3459275855251027,-0.8722246498501154,-2.1990792801537604,3.3621563943004706,-1.524415338120977,1
-1.5777811241569273,-0.2270711612153189,1.2771894016998542,-2.6648669754719574,-1.4568378693933226,1
-3.724256714700109,-2.4117593275030242,0.6021918610737379,-3.6410152114810734,1.337831020966117,1
0.5384787156855204,0.5485314423618141,-1.1601248400955442,0.9458878929335552,1.219503568712245,1
-0.11885870838227608,-0.47664358224448145,-1.3698954433375332,-0.7760399242022906,0.18481327076418536,0
3.1632223329909945,-0.6493028077850429,-2.9817916314919723,0.9184186320278801,-0.7805400982293256,1
-3.7224050870703445,3.2449398077919662,-0.7465652914424727,-3.0265582798615664,0.9557079561210825,0
1.1865252049443984,-2.4224605864746085,-2.583268689723623,0.3063535722251485,-0.9962320562225203,0
-0.7824206705867944,0.053954315636213,-0.30866618690401393,-1.7406897879996641,1.0499842925713831,1
0.23634598684725283,-0.10584727285232531,2.2216490287088884,0.6549013225308618,0.11924332929589004,0
-1.7245457850456938,-2.8400743963348196,-0.17386000570772397,0.06980061104957724,1.5683392760301245,1
0.748061210773684,2.6767264049760993,1.0111489476494158,0.0938079149932236,-1.225767816757602,1
-2.1223583747679764,-0.342534224580188,0.9226574091162432,-1.7759028225757651,-0.8466117091333288,0
1.92152514030621,0.09665701058757747,-2.562573616253765,1.1100902140271067,0.8943678872123748,1
-0.01944636522273724,-0.695736722848592,2.3924824769374538,0.6463422902617064,-0.08922545291666428,1
-1.671727217580986,-0.7063874838449911,0.31492598418199413,3.1377723649184426,0.9481214391006447,0
-0.5435713081274873,-0.1393913304637716,0.9908170899525583,0.23378410888103485,0.538806211751954,0
-1.9319701288114004,1.8632436001728716,0.5414581024942817,3.0011852306564126,-1.0656997173554419,1
-0.6554506238078672,-1.2234103900687796,1.1513274938495128,1.4445395349134214,0.1317198895343158,0
-3.154246462467924,-2.1767566262730655,3.2413557259925434,-1.6318522320179922,-0.8039723988069778,1
-1.557714249873232,1.8228049331042184,1.8585895632435854,0.5632476657948052,1.876173413227712,0
0.8756017576017143,-0.207543930466341,-0.7262512025730956,-0.062360616362226895,-0.8189966901586768,1
-1.6764250844442454,0.044331188303661895,0.903784727831473,1.1266565005716045,1.540785811994749,0
-1.7336165259029568,-1.0013866427069749,0.861672682518092,1.8407261784473512,0.4244730942479096,0
-2.3390371853720704,-2.3323688500348765,-0.01915395977376999,1.7536462206725982,-0.05461267405809275,0
-1.4645906169429006,-0.9611100049349484,-2.874293610231799,-0.9269852446434725,0.1994879422774132,0
-3.790893509005685,-0.14811239588464986,-1.7513098613585452,-2.0712971171555132,-1.2062713092828017,0
-1.2244977634164183,-0.27678190364684174,-0.4277583541203883,-1.33616832312642,-0.18317826890522865,0
0.7760980623901668,-0.7970751505472907,-3.5552290824324975,-0.13119507061362234,-0.43396614207281087,0
-0.5458790597604164,-1.8920644131089195,-3.247278740318508,-0.35868560929533333,-0.004824621905130248,0
2.1718108462032912,0.6257844869656315,-1.7732228246361392,1.8510707982993364,-1.0204045638322368,1
1.104917429640571,0.6385314085343042,-1.6902323146911642,1.2411290842111922,1.2720589823398831,1
-2.276148068364035,-0.02634513133501859,-0.38310912957780163,-1.7677120833168019,-0.488597581992664,0
-1.5066243443393859,-1.7508149559467003,0.04946926974881727,-0.26835564650664756,1.2522129097598176,1
0.06856133247794316,3.2868291863518726,-0.18513147653699158,0.5090523376649017,0.7372913165470523,1
1.2073937149074678,0.8078033252273975,-1.348667494316387,1.941944741263486,1.1714263477638722,1
-1.2970515939395466,-0.2534735385105239,1.6791719316415834,-2.645085318754357,0.953671678165781,1
-1.2675385768974579,-2.3892997827385223,1.2211639144492066,1.5172821598233521,-1.2500684892063942,0
-1.5277099866330874,-0.6300390300171327,1.2988693188488845,0.22062760575898865,-1.6550629923331868,0
1.3590440559904298,0.7873039463659801,-0.31798182533368746,4.020204803488871,0.11068240565582617,1
-1.239726454610049,0.11819092697261224,-1.0432508836839713,-1.3687758777129433,0.5198648520122691,0
0.1894327829647673,-0.8439041705013726,-2.767478264952759,-0.4134493993754391,0.4615124050158089,0
0.9857043895630807,1.4505238085993957,0.016479126413239564,0.5495141903219978,0.042482538923175224,1
2.2820156391851407,0.03246103657147914,-0.688540582853621,3.2118308409037373,0.15552242595499616,1
-0.7018754933267173,-3.0135948498700995,-1.8893450464942396,-0.2890496216584313,0.11088947888776789,0
-0.941359424595652,-0.18770997733746597,-1.7534446386057088,-1.1070545851000209,0.5171968345390136,0
-2.7398887304143855,1.5429913680838765,1.9858393611882423,1.197503309582742,-0.4177797974317798,0
2.2748513404533472,0.5813282343586771,-2.226561475597646,-0.4596863135882354,0.9775680321615458,1
-1.510092264000008,-0.1968972289042329,1.4640903722010763,0.2992618075264769,0.597731708113624,0
-1.5318366262384087,-1.3157331821748348,2.257741795779914,0.6136000054186432,0.734218218708196,1
-0.7470228418079292,-1.6228854468031182,-1.5319318404419349,0.4145769275701652,0.060321914532972226,1
0.38414175101313,-0.4047311935721225,1.596485439039778,-0.23488085068246822,0.6546541629080077,1
-2.9714852733687533,0.7848853107063642,-1.8491134326241643,-2.0152921559669705,1.1145162842184595,0
0.837926999700964,1.091548346301568,-1.893370850007088,0.7598621721106422,-0.6927314644886842,1
-1.6800836625295497,-0.11927154974686216,1.1204332743618712,1.8084373734638075,-0.6278832144417893,0
-2.393963000000811,-2.03167225701223,0.7099351703906631,-2.329856274915075,-0.48107355738448426,1
-1.2355468498559574,-1.8338631834510206,2.054258543137591,1.8262823940076625,1.3851489252123237,1
-2.6908752613499485,0.5588511415261239,0.20626939873249261,-2.1046366281035214,-1.2877754452982377,0
-1.6146025536006863,-2.718589002756606,-1.8938213334346097,0.036428422534011906,1.5689344956774955,1
-1.6907964384613725,-2.307895097212854,0.3104252058985132,0.2914587943540926,-0.2458499789779966,0
0.38721477281917127,0.6689465014036156,2.237990087093336,0.6077813023572931,0.17367664613852624,0
-1.4361202062592364,0.4433099591076495,1.6204503110672266,1.007049312472617,-1.2801253069331895,0
-1.2948341285228535,-1.8348374776929721,-0.018179268952409178,-0.11089715189089666,-0.588038578458875,1
0.11383063248770764,-1.0302852684477233,0.18452101690404743,-0.6119816870847727,-0.31778060433606964,1
0.44441405542365187,1.0275509488608836,-1.5658694025202626,1.8393357301366073,-2.36396849425218,1
0.761765660555091,1.08191061784709,-0.07117317407521118,1.3411965239249222,1.3626170266133677,1
-1.4125575385411158,-0.9469157562992945,2.237410058388443,-1.1222561057764298,-2.924925179196677,1
0.010195407999524564,0.007975228558238623,-0.9572586355724162,2.2892945976187242,0.16105147859658853,1
0.9205255265376184,-1.9286569858309326,-1.4082563000069093,-0.06933044082166873,1.002085216590409,0
-2.2875545333106704,-1.3044045066574863,-2.285329461244637,-1.2121873427766874,-0.7631488231437142,0
2.9570702239178477,1.414130122367838,-1.521421206762156,0.7637508390456944,1.4475869245124284,1
0.20829164425595859,-0.05086706419644793,0.9526636738184825,1.0250564094774879,1.0541286760189787,0
-0.6502549708362247,-3.663211004485851,-1.434696116927762,-0.16165006626984812,1.0276776748010317,0
0.04971623894625621,-2.556363997828286,0.6720531275861986,1.103493478682278,0.49317200320172117,0
-0.3546609445902694,-0.910430107222358,-2.276319741307468,-0.6512744036023634,-0.003507992008540084,0
3.0626896577335048,-0.6379585051669214,-2.8157617458948914,1.9695328536805683,-0.39643582943141487,1
-1.2952365714151415,-1.0381162109642899,-0.6015799131026633,-3.1717969126711094,1.4827147941724148,1
-0.48623486227875556,-2.1811611793325607,0.38594862382616335,0.8182920637236512,-0.5609352142237467,0
1.7406779943650452,1.2434618161986692,-1.14230553000509,0.22110703158602685,-0.7385354255011861,1
-0.15803538029543907,1.1565359178599328,-0.5215855086214365,0.19046367861736502,0.12569982217698403,1
-0.47949405155065206,-1.0578144819419608,1.5801025011924028,-1.035659958066631,-0.5821115937904281,1
-0.7423456161986677,2.398215106145611,0.6692692532123052,3.609029420818403,-0.8667229746284533,1
2.043633509685565,0.9704443497600116,-1.383209726436615,1.691533841177787,-1.877442885236109,1
-0.24980736446659024,-1.755576625651356,-0.2026664858046301,-0.6520588995327579,0.20764933540409175,0
0.48874415524386206,-1.9211861825824583,0.9019186630391708,-0.6766720890860527,-0.3247734732791751,0
2.3125434331008257,0.47882529274296703,-1.9259859721886015,2.2218973146552474,1.2749891193000438,1
-1.587176304731317,-0.9841247718637505,0.3514677344723338,-2.742148579476225,-1.4890003551239719,1
-1.449628916222328,-1.5035473887133477,1.4154167459374827,-2.4426079968150294,0.9262443215248913,1
2.2090146578768244,-0.06104843879174049,-1.7588275209004827,1.3895801118124367,-0.8343641789960169,1
-0.21308074749556694,1.601592290115048,-0.16751622590755977,-0.014892279330644964,-0.2714814676069348,1
0.42339229442287374,1.2537030808860148,-0.5726662040553165,0.9502136235043471,-1.1284736297475466,1
-1.9029131768439682,-2.2259227392528396,1.5194005778380775,-0.8983490122853566,0.010175070741430444,1
-1.0676814692414245,-1.776814082486884,0.49915589915680625,0.9900005007231041,0.2560548642832593,0
0.49006804682089666,1.1629438935668428,-0.3495781161794971,2.151497817127635,-1.4101410049803234,1
-0.9546396744111402,-0.8814146034648996,0.7943949346057492,1.3116565181400526,-0.32323796452209,0
-1.944131874324032,-0.4224641330431337,1.7406256904664958,-1.6041964979404455,0.7445840271996791,1
-0.6626273983126086,-1.7409024176277028,0.18274370236152992,-0.5388459361761075,-1.030014575863108,1
-0.5522816603488218,-0.919799887992869,1.5728265859262072,-0.15142315806340156,-0.5937953222563245,1
0.05749038249294269,0.07855029674541303,-0.613672760969919,-0.9587187763871631,-0.44272505218466185,0
-0.43867031520873834,2.3125445085859506,-0.18281708013985232,0.5784469096603502,0.5363778526017037,1
1.0430498526694807,0.5170366560311381,-0.7610732404666711,-1.0366943772846025,0.4486897683389067,1
-1.0248805438699526,-1.1517960899419661,-1.4859925315721352,-0.9167814389151839,-0.8662269480072499,0
-0.9627257939870747,0.4042096663826267,1.7610951305975129,0.5178822194742738,-0.09117423351856317,0
-1.1271857510755674,-1.099267853760538,-1.5251403773113306,-0.9564422777369134,-0.6199341874048961,0
-2.2784822280482677,-2.1664701675508953,-3.581516820544316,-0.8252514103412866,1.0599405560591506,0
-1.2901303284270442,1.8401026055494736,-0.7666902800506064,1.368052642534624,1.0742676129098663,1
0.20263188315828384,-1.850591683892022,1.7329507908055286,0.4243229825513424,0.4049140989591295,0
0.3463774464354399,0.6615382375577281,-1.4830859501421452,1.675844709976085,-1.6229275808300976,1
-0.5269541657176882,-0.7345118651049041,0.7128597596001142,-0.41582132644613634,-0.5572803003627007,1
-0.7729155350444579,0.15190536531559928,1.8429593438577412,1.6802878163396988,-0.18319134571712223,0
1.0961126221184485,0.3297739837231841,0.7943558971702807,-0.8382872262058884,0.025426702611634773,0
-3.1525470238316133,-0.4976695755570111,1.0409448443023228,1.8394985438940537,2.0458172880882857,0
-0.4183738473287304,-0.9678606167273615,0.8548034761807096,-1.4058401743148548,-0.6498214781408206,1
-1.1097518659941188,1.0727882426788087,2.033926657363302,2.693845297471141,-0.8859543132945961,0
1.8320044224828869,-2.4954098594987935,0.9786332654705873,1.5396046025133339,-0.701337191602714,0
-0.8274373910047165,-1.6004301905009184,-0.6676000781832494,-0.7840211614500371,-0.9657574156062594,1
-1.2119550595513333,0.7719381846054545,1.3095133637661516,1.0891576755186803,-0.8988606069585929,0
-1.0463668324998285,-1.090711701954013,-2.5057719096735536,-0.8112516750846228,-0.6989504394636011,0
1.096419463972224,0.7580459757188749,-1.3528099133374523,1.1415747520432118,0.9167449190592203,1
-0.11109756607646926,-0.5167116264186193,-2.6724619027033087,-0.612789102234522,-1.5247054499878059,0
-2.0056045554266744,-1.0129849437595602,0.24724226659002047,1.6815572726050279,-0.378295274261212,0
-0.0866064546662294,-0.9595347245185759,2.2331978809604482,-1.0882963508783043,2.467203710812492,0
-2.283795490980572,-3.139109686966718,-1.0204104619893406,-2.3846158351113154,-0.8600133615785398,1
-0.750275115550312,-1.3253526404342075,1.2404062361810593,-0.4654672096318968,-0.24091124509361989,1
-4.539363154092545,-2.298951982885093,1.5291341819645334,-5.0460597764542365,-0.6075263423464762,1
-0.46963965487594217,-2.2319921671752,0.4530408454119266,2.840348208019381,0.31170180213121856,0
-1.9367523520822703,-1.0963573018020782,0.8326665540914608,1.8698543778010992,-0.2202546014960882,0
-2.1854587497215814,-1.6738128978546878,-0.8339537409284257,-2.073317366659567,-0.044764807386507684,1
0.8348299963753424,1.2886153237580555,-0.8665669655526196,1.3224589566645153,0.20944693229641737,1
-0.4933106656929739,-0.6953568876747924,1.3099228955153595,0.5570076469051464,-0.8474296921179458,0
-1.7503888164128858,-0.6989191715859255,1.126965035325689,2.767514533580328,1.8822922338341885,0
-1.649090867293764,-1.9792207600743839,1.092653041326318,-0.36045328470409355,-0.4735712337713081,1
0.13029899564027447,1.4979292791466452,0.25154882021992186,0.9134253949532812,-1.2915111010958051,1
-0.42809285023451216,-0.436035032578464,2.1566795425602767,0.6653054093649418,0.3631193416713573,0
-0.07528886493715037,2.3647553228447853,0.14089538798685197,-0.14316816804041332,0.33029086313314077,1
1.24478575434479,0.7490679125833956,-0.9629836450379339,1.8093479696839752,-2.488562261791484,1
-0.10033275724700541,1.7902206382204175,0.47377514869247284,0.8302580343378305,0.6975866003471783,1
-0.9580153086535794,-1.5422341595542868,-0.5668477249669559,-1.6544227248735357,-1.085456076896216,1
-1.865343643825284,-1.6300303246896926,0.9423516163987543,1.375872157487148,0.22992646789343035,0
-1.8858226507817561,-1.7565769851318145,0.419359526232125,0.9640275402104619,-0.9393267378659398,0
-3.6402761784667232,-2.79285533443924,3.0990193392496455,-0.9146438436170834,0.18465277590460072,1
-2.841259178979385,-1.2393760709045933,0.19631891776145838,0.847235339093046,0.7029537919068678,0
-1.6873529658382567,-1.7225187082925777,-0.35770286682705765,3.1001727019611867,-1.3824599249460918,0
0.23734291300123056,-0.9425529326374102,-0.8322780672928842,-0.4364876867799867,0.3495949993602971,1
0.687725782390814,-0.868826123287701,1.3226649925947824,-1.3779032442407324,0.009931019733270987,0
-0.2896194223056321,-0.1607686942079667,-1.4152270185878146,-0.9162816943374629,-0.26899450730334135,0
-1.5033976632086787,-1.6118649547184278,-1.2616182507861693,-0.9877523452339058,1.4798860999138403,0
0.5130172063310825,-3.1333465284278743,0.6127824144718306,-1.7830781601339347,0.6714806010069174,0
1.231185204606103,1.6842542056650451,-0.007716278626837103,-0.09712980005143468,-0.4167026002343339,1
-0.9033076155018664,-2.3657001955041954,1.1234417252629436,0.11577888030147654,-0.7285450223200068,0
-1.8500454389462329,-0.772446997177521,1.0066408487475318,0.05737322566369518,1.2999740467257528,0
-1.437258701123776,-0.4587379756880696,-0.1844372744794739,-1.3820790819563342,0.7730133622538113,0
-1.429600523308634,0.5661608700665388,1.5147428933544622,1.2442252175492252,0.771038919953255,0
-0.6007545756022162,-0.9406767007095858,-2.4937387210512933,-0.7065940882927972,-1.593717015351033,0
0.5675184544529481,1.0854738536231867,-1.1103798440786765,1.5633115011474845,1.2325248831179065,1
0.3723741428655001,-3.366271697087244,0.14307985805737555,-0.07664700148500325,-0.10910851765256904,0
-1.867228089336146,-0.8981749736847509,-1.2178437478406656,-1.3131202655292455,0.39770177050729577,0
-0.58573024794468,-1.297949616186652,0.7617723866014479,-0.9871097782692572,-0.33991450576921695,0
-1.3546846966609836,-2.241951533086523,-0.7443084324838388,-0.8464127327339395,-0.41445810177032616,0
-2.455219562838084,-1.9413310099152201,-0.027281271435341647,2.556210305748006,-0.13388892656571572,0
1.2992431375839755,2.1336237119147317,-1.220344651926432,-0.6410471214518876,1.3466658228367874,1
-1.0982471532868372,1.7693126202686096,2.059622907130205,2.0537130710360016,0.7225885016201056,1
0.1256639232364709,-1.0575856156950518,-3.1928278797081546,-0.6755571080384432,-0.0489651890222238,1
1.9490565062538294,0.46684307904450784,-1.8205816241803683,1.3463515842475777,1.2679221333318873,1
0.8521198815949395,0.36636256444956183,-1.0622333878146253,2.236069660327006,0.11362445749432701,1
-2.0365126790028754,-1.1760317288202617,-0.33485587837323205,-2.2739922959617127,-0.5347156078106451,1
0.1650951414441706,-1.8640080882024783,-1.1782682914452587,-0.3517872986988684,0.1577507810297153,0
-0.553672563688913,2.653248024022643,0.4250149606160385,2.244977996505475,0.2224341369699279,1
1.1595480493967092,1.5843292572528431,-0.49991145125167147,0.01652356538371358,0.5690792595356432,1
-0.32611410037045574,0.49663682643833784,-1.1572440091847738,-1.1224494323084666,-0.30872115327850763,0
-1.6754350608788275,-2.0088769212821793,-0.4604784768758716,0.7686512503350424,-0.16719614307235198,1
-2.1739642453377535,0.1071504794507585,1.064283934672816,0.4611398423263633,-1.3454848362522223,0
0.11011277500420169,-0.06455499407849752,-1.6205470380772977,-0.7917767076755214,1.1953361180028157,0
-0.10120885301127802,1.3807475205082622,-0.7022919775658477,0.6883467994848244,1.3966284795073118,1
-0.030107520230705065,0.16832058691181095,-0.08598342276862703,-1.072052551466986,-1.1890728658038474,0
-1.625360298871488,0.5316237080542581,-0.4146563070996938,-1.6621035683099021,0.4436139226821785,0
-0.7345586402155488,-1.4794696252599644,0.7927167688053589,1.992474330687742,-1.2960236202513922,0
-1.8990580472775926,-0.8529373440719432,1.1597682884123297,-1.2497846855895918,-0.35349544620168666,1
0.8975248418230541,1.4359866443787555,2.6290934433750204,0.28385662000075995,-1.3767297025036298,1
-1.8565885414586027,-0.3973975576631218,0.8395733897562146,1.4902804764634676,-0.9420659015623665,0
-0.46153660374258254,0.5216345069649089,1.471505419033771,-0.6636160842523648,1.075393445646077,0
-2.126984315283556,0.888686399393577,1.9535890426774964,0.010164207793619928,-0.23989891708016095,0
2.0184211123180935,-0.23031156373076245,-1.959841589508407,0.9610070159728146,0.4107306632690933,1
-2.3340620609461,-0.5285618524276567,-1.6084331567384573,-1.491503818565684,-1.3535598561343933,0
-2.2837463515535874,-0.8476836412760047,1.8168467862344775,-1.6424350900877824,-0.6166050540454969,1
-2.317280796036113,-1.8694235965010124,-0.6430998548523219,-1.2732041357651398,-0.608586086006421,0
1.295856708919549,1.262379914397301,-0.5944876797909359,1.6360235398881153,-2.3216304066999154,1
1.661183157175214,-0.3947703787419504,1.3748843622961453,0.30466823141673016,1.137706202714778,0
-1.091716232290599,-0.38986624743958687,1.0778146478855386,-1.1253478854901937,0.4486131033181622,0
-2.9423254530051643,0.2795217923992612,-0.16913467433800955,-2.083820269713188,0.7312465066704062,0
0.558670433093466,-1.5884862137266589,1.5862488681635531,1.289911523929613,0.3411273134397087,0
2.149106369930302,1.5988763648176096,-1.3845498477683713,0.14724036461473544,2.1056770663406312,1
-2.142115650000902,-2.2512704060679423,-0.8809225293315714,-1.827182145146753,-2.590545973120058,1
-0.7377710364678522,-1.9521436393965272,-0.6875830562009062,-1.3623119040958582,1.6165704941174162,1
-0.19900482762330407,0.6074333737396089,-1.2068272790807448,2.6482662301234843,-0.33960163448836717,1
-0.6164851132520303,-1.6266355571036382,-2.1533499656150648,-0.5657722351619939,-0.6582734432013181,0
-0.8898024650885212,-0.7169069804238152,2.2595249829690833,0.21689257993390765,-0.7093787075578609,0
-1.1026741719889306,2.8002134615452805,1.089856190643923,0.6235953010426026,1.7198462111025852,1
-0.01495575062198995,-0.037486157262033526,-0.5254474133332971,-0.6204212329298706,-0.5271213854151164,1
-0.043494972125918685,-2.622458095635597,-1.5993377817504353,-0.19535283779145718,0.4604197294400478,0
1.4482643584530606,0.1166294619768311,0.3711162228904974,-0.8424506018262927,-0.36536299077273116,1
1.687604755437695,-0.7411978274801034,-0.42319283977881605,-0.22141144534167112,0.18780254789108838,0
-0.764424849542003,-0.3243419187666401,2.647591021529303,-0.2833837131674092,1.269678839602134,1
-0.6320477772518796,1.2470108961237907,-1.1368677911407499,-1.426988897102521,-1.741069310062649,0
0.3853731376202705,-0.39971203988038917,0.4242882807531432,2.2270035432679243,-0.9033434862969979,1
0.5024621866712751,-4.001566923575191,-0.1514457324032097,1.3341431137274122,0.0438749637607155,0
-0.8325260507955999,-0.21889631696951195,1.4906417080285617,-1.687670156019982,-1.4397742131100844,1
-0.9762431170747383,-1.8335152878575922,2.1139017314380943,0.9875187387435904,-1.9334411067859811,1
-0.5852421737780364,-1.6190812754811659,-0.7978707557472999,-0.4840990663763628,-1.748381656140865,1
-1.2521829221197907,-1.4227142188017734,0.1259134545762962,1.9316663733633823,-0.510334983207748,0
0.4890231605826125,-0.13229222936550022,-2.4512933000996173,2.456867186622731,-0.9731153602213203,1
-0.3852569151738886,-3.2592393488753175,-1.7274986749984076,-0.1406012196718952,0.9034490360911002,0
-1.856795995464843,-3.06153903933901,-2.065109837426644,-0.6404258531429545,1.2919466965668656,0
0.6202341510955726,0.7491369126179471,-0.5005205120836276,1.412907306654507,-0.10412415422452258,1
-1.0079125797028943,-2.2945076507441025,0.2137212548873646,2.267583600511556,-3.3868137614883,0
0.5078486317288057,0.36825258711372144,-1.9963877610966598,1.2143462839099595,0.35034177922839693,1
-3.170016901154159,-2.279025362334144,-2.1131674419861133,-1.2978629534760047,-1.2802684093629393,0
0.9506357808582305,1.9535799424650322,-0.40050625325739164,-1.2395942008122005,0.9577897351368669,1
-1.317505319966596,2.9060386774665803,-1.23260312601693,-2.0657471857156304,-0.6349069197424152,0
-2.66600554384471,-1.3496868136248756,-1.849054959562865,-1.3977499388215036,0.21991715060593411,0
-0.21227541423200513,-0.3923843194987371,1.6484232069383045,-0.2509407349916567,1.497368970934125,1
1.6617456891645834,0.8226201768406747,-1.2142003336287532,0.5119822645465892,-0.8469123283169792,1
0.07451116419060488,1.8658406139530967,3.27217974894718,-0.3886601103599422,1.6101715293786063,1
-2.3133657567698735,-0.9450937991454768,0.2951059354465465,-3.104223587533991,0.7460881195396843,1
-0.6579617668897034,0.05765903019804042,-0.703317313061663,-1.9682789093029902,1.3668364606054457,1
-2.8173751928123876,-1.7633433879363969,-0.293597128563698,-1.5209601215093778,1.4703207720364857,0
-1.9858197381333498,1.365794804900768,-0.8126393567401329,-1.9618756062309637,2.407377583931219,0
0.6912734026868061,0.5374299651165255,-0.7282632060830359,-0.04482264131871205,0.37427818048114503,1
-0.16582379150952986,-0.28287799233906696,2.66132996984075,0.3894838316665279,2.4344086332376818,1
2.2988500386968935,1.4699264496905915,-1.5100636632746554,-1.3079143758172829,-0.025008706309041482,1
2.0456781519106717,0.5610952775964457,-2.0329414065470797,0.23503420160911603,-0.8313994672674534,1
-3.355193128816909,-3.0664437725860525,-0.9707556608744867,-2.935915794353532,-1.381109755914747,1
-1.6604920427379737,-2.624943357234006,-0.7005721972581067,-0.856681762558306,-0.6662387242582275,0
-1.1647393244118245,-0.19023403209347323,1.1934936946822572,0.08425316530829652,-0.042335658198237126,0
-2.7739249879314922,0.19931813679369115,-4.021929342984621,-1.5493981845696534,0.25178770689393903,0
-1.3052018329662487,-0.4819561338132441,1.1223759640115532,-1.3705864360011928,-0.3682252752410914,0
-4.806029393446359,-1.0280270921230217,-2.559382504309162,-2.106932659281682,0.630815849144619,0
-0.9532997355951057,-0.5459087496370101,1.5265689480985594,-0.04901681256419588,-0.39231476873390336,0
0.3116987154866133,0.3905019830071994,0.6948008922841349,-2.1278508711158626,0.7084210428945821,1
0.9410250358936084,1.2719098102524427,-0.38144542817023963,1.273382399145782,-0.9882688581768089,1
0.047449430025157335,-0.563169741563504,-1.2175202182364289,-0.7261470862414237,-1.0529650784003068,0
0.9063966717068641,1.6427309748504673,2.071959684506115,-1.3134133508392258,-0.37617660278168846,1
-1.0266617369483695,-1.2300151544785818,0.4276353499721075,-1.1302272012024823,-0.2548998448684591,0
-1.15014311828957,-2.70332557577735,-2.789342459345237,-0.39563386782980436,-0.26095483295925803,0
-2.2029919533959115,-0.3106921031371406,2.261926896122178,-2.117888822237991,1.42025693244196,1
-1.2282537555255097,-0.8799971943840961,0.7557544217054875,1.1768002573796597,-1.1859110092328462,0
-0.4954337293511508,-1.8987726916058625,0.624331089362818,1.7892688411527828,1.455060582481769,0
1.7755099163614962,0.8804544386632079,-0.8178519691240056,1.805649649363985,-0.030570163417495192,1
-0.6172351986815064,-0.7439690312365196,-1.7835660590679563,-0.8350848287928111,0.8130736316294986,0
1.0781013297872901,-3.481941628016873,-0.3142367647192059,0.2559355917868671,0.8375078724832392,0
-2.2081811860005227,0.9909369615468084,1.188511939873523,0.5838001659158037,-0.3665010555121015,0
-0.7824456891031965,-1.6138100602492562,-0.9634196248780778,-0.2983382246742772,0.7828371647378921,1
-2.4593076547171266,-1.0942098554984012,1.6797178077060706,-2.537553724096375,-0.5706713486133254,1
-1.5352273560111938,2.86203306744403,1.053365658057137,1.427951312393073,1.0331185153998403,1
-1.2690476439025635,-0.9754657902978039,1.0146887627743197,-1.3429991092891547,-1.8795606280100219,0
1.8854815721111908,0.9871138138280584,-1.8289267515125287,1.2910417131469258,0.7797554962888209,1
-1.1287134566342685,0.9056288951770015,0.00950423039980186,-1.6284359428333923,0.6170301703206962,0
-0.501500154858947,-0.7880252199212857,-0.19345673465756752,-1.597010629432439,-0.4300992037619455,1
-1.3047655167213468,-1.3128029250711195,1.1735564343726408,-1.1996225847298787,0.21364588151247146,1
-2.2447014155263054,-1.0771073339017778,2.07840463824783,-3.162786904168547,-0.6722782721875988,1
-0.6140926009199581,-0.7140502614984712,0.8775768143721111,1.6963010197315926,0.8011640198239227,0
0.06571409026698727,-2.308999401653367,-2.0160164989861684,1.660768002005243,0.4028217210829767,1
0.45797635868257314,-0.21058373301111621,-1.78369887328871,-1.8384017496841356,-0.4642210974332259,1
-2.055916402893203,-0.012541305001103176,0.22356288190827622,-1.7603177604606075,0.7558549597599394,0
-1.9485140140974124,-0.5210568146820083,1.3157475297023316,-1.734346966738367,1.688793913309905,1
-0.09327895794580077,0.07130041538062692,0.7969747463696649,0.3976944801692339,-0.8224315772548629,1
-0.00894659122219621,-1.1935705093020927,1.5552908981133418,0.8545248440593101,2.136559128802725,0
1.6279650806413914,0.8308483940763043,-1.2119035440997794,1.1884620567077422,1.4617381335348938,1
-1.7993061088378963,-0.9858758283758999,2.0033471143766377,-2.073729951197161,-0.02809031340802223,1
0.5079275993589234,0.3219384940112563,-1.6396831658752087,2.099264096085003,-1.7827047434480237,1
-0.2698604851665065,-1.494032277640966,-0.7776602742352453,-0.6392589364924535,-0.393757316473212,0
1.0299776071598017,0.30946230638049554,-3.3087137048016713,-0.36338159557751093,0.31206959779496757,0
-0.4052508241798092,2.1505615965395783,0.34184557883789823,1.0847854151746645,-0.5651736316059788,1
-0.7182836171924359,-0.9758714248573868,0.724870287554093,2.4491886543925014,0.4261195264046615,0
-1.71142799428952,1.937569447153233,1.3893440811938285,0.5979691592078051,0.1694418308596864,0
-1.117722326369599,-0.32550020691611725,1.4957357235306667,-1.506410739741559,0.060608835674933005,0
0.5822456633961199,-0.982664521848176,1.5608531635577627,0.3592289562155737,-1.6477981083840352,0
-1.8323318043734655,-0.4961577977160698,-0.6794735490418751,-1.459485760319418,0.4383825801284031,0
-0.7770713373969691,-2.611408100394077,-0.2799571997268404,-0.6079814612251689,0.13575387991766508,0
-0.014375962045554136,0.43209906606025483,-1.1058606052751419,0.27769640609709634,0.2638517010739347,1
1.558947531931552,1.4960500527453067,-0.279348548673658,0.0942405951199693,0.5726081079140996,1
1.037668926684145,1.6308055727796535,-0.6792596644929012,-0.42836875050589907,0.7579053961110119,1
0.416728686785536,-2.1572875172771155,0.24380780201746366,-0.09502006786999462,1.2914035482160082,0
0.20102417275557438,-1.1502678573858194,1.2970706710410438,-0.8297051807492422,0.9830827052059001,0
-0.46580824016138733,-2.3742288351037377,0.20866145935823155,-1.0980068300584809,0.00276183588393645,0
2.106500820324854,1.967427952920337,-0.8102526745464752,0.5672151027258532,-0.3242360108482005,1
2.6493444143958267,-0.8393189298451058,-2.2312601039265485,1.2501959388959096,-0.1586166770513216,1
-0.3819311895057069,-0.8454233470581809,1.4398169783376475,0.9086375297569279,-1.006979473446641,0
-1.9443191927056944,-0.8716745459680427,0.5663493749200895,-0.9203177025343746,0.13309373513678405,1
-0.4857146556973677,-0.7892567249309514,0.4122541525746968,-1.6330159059667948,0.2859186604759825,1
-1.5057253709558869,0.3271462936244922,1.1327851019275126,1.970788778862728,0.4753660343472122,0
-0.9902371236737116,-0.550757422898822,0.45710499872310595,0.7169832866177567,-0.04820608148706246,0
0.5185383121868303,-1.4658444682308402,1.1145577717205462,-0.29749571101210126,-0.14160981015580998,0
-0.4696403239816085,1.587061286365981,0.49426696734175857,2.418759742324344,0.35343086648641237,1
1.2838423210251664,0.5682064522854671,-1.4439344926012836,0.9723841077150204,-0.7670175269020002,1
-0.23131107033265885,0.17258458207413696,1.9947944838382665,0.19096122282583772,-0.48037749098032195,1
-1.4680948857380907,-2.248633840790056,-1.499102695913769,-0.7723161293179832,-0.8988131880349017,0
0.08274503483730622,1.2343699019966299,-0.4963397368476008,1.2759197689806516,-0.6809510758067541,1
0.8622638449686484,-0.04464893489197408,-0.9661741758938247,1.2961214409500645,-0.039004200618653756,1
2.257049287623892,0.8888033874836162,-2.200286970024773,0.726814041598727,0.6195664721781072,1
-0.8325346610400137,-0.6715210053416287,-1.197694919260551,-1.1014910266171287,-0.21754074858394365,1
0.4786108495616892,0.2678336653388079,-0.667641245875066,0.3628317544975078,1.459107157301978,1
-0.04383374795614792,1.5392025087835162,-0.439282350421058,0.8818063956841314,0.054020726047489774,1
-1.861111635412528,-1.2589294349219096,-0.950158482182822,-2.0187432640022394,1.0479129691305784,1
1.5075255497217124,-3.4195748693468744,-0.7842310228446446,0.4365373181479413,1.565171932528877,0
2.496213355300767,-0.49767696541914386,-0.899108946029878,0.05619455088894698,-0.9343516085785111,0
-1.6192196739022586,-1.165933214968745,1.075815612270707,-2.149291758354617,-1.0381691470869339,1
-1.659194869758831,-0.1531343609869007,-0.28778790168729795,-1.6564192633311365,0.281735063829374,1
-2.108423583997929,0.8854475015859484,1.193948296683368,0.1543886053953294,0.5070812587595488,0
-1.0299770233737826,-0.9216085528040897,1.5930762707255037,-2.035121452741158,-1.840329036234172,1
-1.9900248841893373,-2.648876831952284,-0.0795620118699969,-0.15489705304904988,-1.4634059584266885,1
-0.2575590155960933,-3.4213177368893763,-1.6442815502917782,-0.04156385812664265,0.3712128680568303,0
-0.4470671022690659,-0.7364013825383625,1.636288348967565,1.0691287500631423,-1.3140673085340397,1
-1.1141207352350637,2.693117869219659,0.5106857188266261,0.39245772697941295,0.36656575719312195,1
-0.8177623334073002,-0.52500229698563,1.5106721954554816,0.37005881007864794,0.18494228287440923,1
-1.9093587159738759,-0.4983948147306593,1.025311227998256,0.2986110874813005,-1.4438895774639133,0
1.1513169298312225,1.5542564267419836,-0.889290162183592,0.24558959986361462,-0.9017815867008206,1
-1.8569879825528794,-2.647408873450596,0.7064327490799762,0.34746953843157413,1.765709266450403,0
-0.6791732947613272,0.9036302055313253,-0.6464807801020305,0.9933398414775181,-2.7610619661559896,1
-2.6908843406754146,-2.062602280869257,0.9434569400419736,-1.4266460294572327,0.4172634478581861,1
-0.3628461710140988,-2.0995353846674947,0.2473971869158389,0.5230874266570533,3.495877789600099,1
